170,170,170,170,170,170,170,170,170,170,171,171,171,171,171,171,171,171,171,171,171,171,171,171,171,171
172,173,172,173,175,170,172,171,172,173,170,173,172,172,173,173,175,174,174,175,174,176,175,175,175,172
159,159,158,159,159,159,159,159,159,159,159,159,159,159,159,159,159,159,158,158,159,159,159,158,158,159
126,126,127,128,128,127,127,127,128,127,127,126,126,126,126,127,126,125,124,124,126,125,123,122,123,126
163,163,163,163,163,163,163,163,163,163,162,162,162,163,163,162,162,163,163,163,163,163,163,163,163,162
124,124,124,124,123,128,128,127,126,125,130,131,128,125,127,127,127,123,122,125,120,122,124,125,124,128
88,88,89,89,88,88,88,88,88,88,88,88,88,88,88,88,88,88,88,89,87,87,88,89,90,88
250,250,251,251,252,251,251,251,252,252,252,252,251,251,251,252,253,252,251,252,253,254,253,253,253,251
179,179,179,179,179,179,179,179,179,179,179,179,179,179,179,179,179,179,180,180,179,179,179,180,180,179
208,209,208,208,207,207,206,206,205,204,204,202,201,203,203,201,200,200,201,201,199,199,199,199,200,201
111,110,112,113,113,111,110,111,113,112,110,107,107,108,108,111,109,110,112,112,111,108,109,113,114,107
55,55,55,57,55,58,58,57,56,55,59,58,56,56,54,59,57,55,54,53,56,55,52,52,53,113
94,94,94,94,95,95,94,94,94,94,94,94,93,94,94,94,94,93,94,94,95,94,94,94,94,187
95,94,94,95,95,95,95,95,95,95,95,95,95,95,95,96,96,96,95,95,96,96,96,96,95,190
99,99,99,99,99,98,98,98,98,99,99,99,98,98,99,100,99,99,98,99,100,100,99,98,99,197
79,80,81,82,81,79,81,82,82,80,79,80,81,80,79,79,80,81,79,77,80,80,79,78,78,163
82,83,83,83,82,82,83,83,83,83,82,83,83,83,83,82,82,83,83,83,81,81,81,82,82,167
93,93,94,94,94,93,93,94,94,94,93,93,93,94,94,93,93,93,94,94,93,93,94,94,94,187
20,21,22,23,22,21,22,22,22,21,22,22,22,21,21,23,22,22,22,21,23,22,21,22,21,45
12,14,17,19,21,14,14,13,14,18,13,15,12,15,18,15,14,16,21,23,14,13,19,25,26,25
8,9,9,8,6,6,7,7,7,6,5,6,7,7,8,5,5,5,6,8,5,6,6,6,9,14
90,91,92,92,92,91,92,92,92,92,92,92,92,92,92,92,92,92,92,92,93,92,92,91,92,185
14,13,13,14,15,13,13,13,14,14,12,13,14,14,14,11,12,14,14,13,12,13,14,14,13,14
16,15,15,17,16,16,14,15,17,16,15,14,14,16,16,15,13,13,15,15,15,14,13,15,15,14
12,13,13,12,11,14,14,13,11,10,13,13,12,11,12,11,11,12,13,14,11,11,17,20,13,12
63,103,116,119,120,54,96,115,118,115,54,87,109,117,120,57,83,108,115,116,60,85,111,114,111,109
17,14,14,15,16,17,15,15,15,16,16,16,15,14,16,16,16,15,14,16,16,15,15,15,14,15
137,137,120,72,69,137,135,118,75,70,137,132,116,86,75,136,125,110,96,82,135,116,100,97,86,116
72,72,72,72,66,73,69,68,70,67,69,71,70,69,68,66,69,73,74,72,70,69,71,71,68,70
32,35,35,34,32,33,33,33,32,31,33,31,32,32,30,34,30,33,34,30,36,31,33,33,32,32
14,17,14,17,14,14,16,13,10,13,16,18,16,10,12,13,14,12,14,10,15,11,11,17,13,16
7,1,12,90,148,12,8,5,20,113,12,16,8,4,32,8,9,12,12,7,10,12,13,16,20,8
67,68,65,61,59,65,62,66,61,60,63,60,63,59,60,63,61,63,59,61,66,62,63,61,63,63
48,46,51,56,51,48,46,48,51,53,54,50,47,52,54,50,55,56,55,56,46,53,53,51,50,46
12,9,14,8,14,11,13,13,13,13,10,10,9,9,10,12,12,9,10,9,9,13,11,9,11,9
8,12,13,12,13,11,11,12,10,14,9,9,12,13,14,14,13,11,11,8,10,13,11,15,12,8
12,14,9,8,13,12,14,11,12,12,14,9,11,9,7,9,10,9,10,14,11,12,12,13,12,8
15,12,11,13,13,15,14,12,15,12,17,15,13,10,11,11,12,13,12,11,10,8,16,13,9,12
14,19,17,18,13,17,17,16,18,16,21,19,19,18,17,20,20,19,17,15,16,17,18,14,14,17
15,11,12,9,11,12,14,11,11,14,12,12,13,12,15,14,14,14,9,11,9,13,12,13,13,10
50,49,49,48,47,53,49,52,48,49,51,49,48,53,48,45,46,51,53,45,50,45,47,48,47,47
16,12,15,16,11,13,10,8,12,11,15,13,12,18,13,15,15,13,16,14,13,12,12,12,14,9
29,30,34,35,32,28,30,32,32,30,29,26,31,33,31,31,29,35,31,29,30,32,34,28,31,31
13,14,10,12,14,12,14,10,10,12,13,15,13,14,14,11,12,12,15,15,11,14,14,15,14,9
28,29,28,26,23,29,30,29,25,23,29,31,29,25,23,29,29,27,25,23,30,29,26,25,23,31
12,12,12,12,14,11,12,11,11,10,10,13,13,10,9,10,13,13,10,9,10,11,11,9,9,14
8,8,9,8,8,9,9,8,8,7,8,8,7,7,7,8,8,7,7,8,8,8,7,8,9,7
15,14,13,13,15,14,14,13,13,14,14,14,13,13,13,15,14,13,13,13,15,14,13,13,14,13
33,33,31,32,32,33,32,30,30,31,32,33,31,30,30,32,32,32,32,31,31,30,32,34,33,33
64,65,66,66,64,64,66,67,67,66,64,65,67,67,66,63,64,66,66,66,62,64,65,66,65,68
31,32,31,30,33,29,30,30,31,31,30,30,33,37,36,33,34,38,42,41,39,40,42,43,43,30
10,11,12,12,12,10,11,11,11,11,9,9,10,11,10,8,8,10,11,12,9,9,11,12,13,10
18,19,19,19,19,18,18,18,19,19,18,18,18,18,19,17,18,18,19,20,18,19,19,19,20,18
21,21,21,20,20,20,20,19,20,21,20,19,19,19,21,20,20,19,19,20,19,20,20,20,21,18
16,16,15,15,16,16,16,15,16,16,15,16,15,15,15,15,16,15,15,15,16,16,15,15,15,15
63,101,96,86,82,96,95,88,83,89,91,85,84,89,111,86,87,92,111,125,90,92,99,119,123,84
218,220,221,221,221,219,222,223,222,221,219,220,219,219,219,219,218,216,216,218,220,219,218,217,220,219
48,30,32,26,29,50,33,32,30,26,45,27,24,28,21,44,28,24,23,19,41,32,32,25,21,24
217,218,219,219,217,221,223,223,222,221,220,221,221,221,222,220,219,217,218,220,220,218,217,217,217,221
216,218,219,219,218,218,217,215,219,217,221,222,220,223,219,223,222,221,222,220,222,220,219,218,220,220
37,36,36,33,33,13,14,16,14,12,13,13,13,12,16,123,122,120,118,116,192,191,190,189,189,13
196,196,196,195,195,197,197,197,196,195,197,196,196,195,194,196,195,194,193,193,195,194,194,193,193,196
205,205,207,209,209,207,207,208,209,209,210,210,210,210,209,210,211,212,211,211,209,210,210,210,210,210
209,209,211,211,210,210,209,209,209,208,211,210,209,208,207,211,211,211,211,210,210,211,212,213,214,209
20,18,13,14,15,11,13,15,15,12,3,3,4,8,6,1,1,2,3,1,34,25,23,16,1,4
20,14,41,88,95,15,11,46,96,111,11,11,68,101,101,14,10,85,104,95,14,16,79,85,60,68
224,224,224,224,224,224,224,224,224,224,223,223,223,223,223,223,223,223,223,223,224,224,224,223,223,223
69,88,76,51,41,62,84,79,57,44,52,76,80,66,58,44,68,80,79,78,40,64,81,89,90,85
228,228,228,228,228,228,227,226,226,227,227,227,226,226,227,228,228,228,228,229,230,230,229,229,229,226
44,41,42,42,39,36,39,46,50,46,34,35,39,39,37,30,28,28,27,25,26,27,32,36,34,44
226,226,226,226,226,226,226,227,227,226,227,227,227,227,227,227,227,226,227,227,227,226,226,226,227,227
151,156,165,171,174,163,166,169,171,172,172,173,173,174,174,176,178,178,177,175,178,180,180,177,172,172
28,20,40,116,195,23,21,68,161,219,20,40,113,195,226,30,85,167,215,221,64,145,204,217,212,93
230,231,231,232,232,230,230,231,232,232,229,230,231,232,232,230,230,230,231,232,231,230,230,231,232,231
52,80,125,142,114,82,100,127,146,144,152,163,149,142,148,182,199,161,131,137,166,199,166,125,128,155
224,225,225,224,224,225,226,226,225,224,226,226,225,225,225,225,225,224,224,225,224,224,224,224,224,226
228,229,232,232,232,228,229,231,232,232,228,229,231,232,232,228,229,230,231,232,228,228,229,230,231,232
60,59,60,60,60,60,60,60,60,60,60,60,59,59,59,61,61,60,60,60,60,60,60,60,60,119
65,63,64,61,62,61,59,61,63,62,65,61,55,61,62,60,60,59,59,55,55,56,57,54,55,111
44,44,44,47,51,42,43,43,44,47,40,43,43,42,45,37,40,43,43,40,38,39,42,43,40,86
76,74,73,73,75,76,75,75,75,75,77,77,75,76,77,76,76,75,76,77,75,75,74,75,76,151
69,70,70,65,65,65,68,69,80,104,66,68,86,110,112,77,93,108,112,108,101,96,88,106,110,173
82,76,98,123,126,86,82,113,125,126,81,87,119,126,125,71,91,121,126,126,71,98,124,126,125,239
40,37,36,36,33,42,40,41,42,36,42,43,46,45,38,41,43,46,47,44,36,37,39,42,42,92
80,80,79,79,78,80,80,80,79,78,79,79,79,80,80,79,78,79,80,79,79,80,80,79,78,159
36,36,37,38,38,35,36,37,37,37,36,38,37,37,37,38,39,38,37,37,36,37,36,35,35,75
60,58,59,60,62,59,56,55,56,57,59,57,56,57,55,58,57,61,63,61,57,56,63,69,67,113
17,23,25,27,25,25,21,27,31,22,37,26,30,36,33,33,30,28,26,25,34,38,41,38,32,60
10,10,10,10,10,10,10,10,10,10,10,10,10,10,10,10,10,10,10,10,10,10,10,10,9,9
160,159,158,156,157,161,161,160,158,158,161,161,161,160,160,161,161,161,161,161,161,161,162,162,162,160
131,131,130,130,129,131,130,130,130,129,131,130,130,129,128,132,131,131,130,129,132,132,132,130,129,130
149,149,149,149,150,150,150,150,150,150,151,151,151,151,151,151,151,152,152,152,151,151,151,151,151,153
221,221,221,220,220,220,220,219,219,218,219,219,219,218,218,218,218,218,217,217,217,217,216,216,216,219
130,131,131,131,131,131,131,131,131,131,132,132,132,132,131,133,132,133,132,131,133,133,133,132,132,135
120,120,120,119,119,119,119,119,118,118,119,119,118,118,118,119,119,117,117,118,118,118,117,117,119,116
9,9,9,9,9,9,9,9,9,9,9,9,9,9,9,9,9,9,10,10,9,9,9,10,10,9
7,7,7,8,8,7,7,7,7,8,7,7,7,7,7,7,7,7,7,8,7,7,7,7,7,7
169,169,169,169,169,170,170,169,169,168,170,170,169,168,168,169,169,168,168,168,168,168,168,168,168,170
8,8,8,8,8,8,8,8,8,8,8,8,8,8,8,8,7,8,8,8,8,7,7,8,8,8
2,2,2,2,2,2,2,2,2,2,2,2,2,2,2,2,2,2,2,2,2,2,2,2,2,5
3,3,3,3,3,3,3,3,3,3,3,3,3,3,3,3,3,3,3,3,3,3,3,3,3,6
42,42,42,42,42,42,42,42,42,42,42,42,41,41,42,42,41,41,41,42,41,42,41,41,41,83
3,2,2,2,2,2,2,2,2,2,2,2,2,2,2,2,2,2,2,2,2,2,2,2,2,5
7,7,7,7,7,7,7,7,7,6,7,7,7,7,7,7,6,6,6,7,7,7,7,7,7,14
54,53,54,54,54,54,54,54,54,54,54,54,54,54,55,55,54,54,53,54,54,54,54,53,53,109
4,4,4,4,4,4,4,4,4,4,4,4,4,4,4,4,4,4,4,4,4,4,4,4,3,8
39,38,39,40,39,38,39,40,40,40,38,39,40,38,39,39,39,38,36,37,39,39,38,36,36,81
46,46,48,46,46,46,47,48,46,46,47,47,47,46,46,50,49,49,49,50,52,52,52,51,51,95
83,83,83,82,82,83,83,83,82,82,83,83,83,83,83,83,83,83,83,83,83,83,83,83,83,166
2,1,1,1,1,2,2,2,2,1,2,2,2,2,1,2,2,2,2,2,2,2,2,2,2,4
8,10,6,6,8,8,9,8,7,8,9,9,7,7,10,8,7,7,10,8,8,8,7,9,10,6
54,60,62,56,52,51,61,63,57,53,50,58,59,54,50,51,54,52,51,50,49,47,47,49,47,59
51,54,56,59,58,54,53,61,61,58,55,59,58,51,51,59,55,58,50,54,56,60,61,58,59,57
6,8,9,8,5,5,8,6,7,5,9,8,8,8,6,6,7,7,10,9,8,6,7,8,8,6
21,20,19,19,23,20,20,20,19,30,21,20,17,22,36,21,17,16,24,47,22,20,17,28,50,15
4,4,4,4,6,6,5,6,4,5,3,5,6,5,6,5,3,6,4,6,4,4,4,5,3,3
10,7,7,10,7,8,6,9,8,7,6,8,9,9,8,10,10,8,10,10,10,7,8,8,6,6
83,85,83,83,90,90,93,92,88,88,95,97,93,92,87,97,96,90,91,90,92,94,91,94,95,92
41,35,47,81,90,42,43,52,77,82,46,54,64,75,76,59,64,71,71,70,71,75,76,68,71,62
68,65,65,62,63,63,65,66,66,69,66,65,66,64,68,67,65,68,68,66,69,67,65,66,67,63
26,27,24,25,26,32,30,30,29,25,29,32,29,29,28,31,30,29,26,28,35,29,28,27,27,29
14,13,13,14,14,15,13,13,14,14,15,13,13,13,14,16,14,14,13,14,16,15,15,14,14,27
1,1,1,1,1,1,1,1,1,1,1,1,1,1,1,1,1,1,1,1,1,1,1,1,1,3
6,6,6,6,6,6,6,6,6,6,6,6,6,6,6,6,6,7,6,6,5,6,6,6,6,13
2,2,2,2,2,2,2,2,2,2,2,2,2,2,2,2,2,2,2,2,2,2,2,2,2,4
14,13,14,14,13,15,14,13,13,14,14,15,14,13,13,15,15,15,14,13,14,14,15,14,13,29
3,3,3,3,3,3,3,3,3,3,3,3,3,3,3,3,3,3,3,3,3,3,3,3,3,6
5,5,5,5,5,5,5,5,5,5,5,5,5,5,5,5,5,5,5,5,6,5,5,5,5,11
40,40,41,42,41,38,38,38,40,41,38,40,40,41,43,43,44,44,44,44,47,44,42,43,43,81
25,25,25,24,23,25,25,24,24,24,23,24,23,22,22,23,23,22,21,22,22,23,21,22,22,46
66,67,66,66,67,65,68,67,66,68,67,67,66,65,68,66,66,66,65,67,66,67,67,65,65,133
8,8,8,8,8,8,8,8,9,8,9,9,8,8,8,9,8,8,8,8,9,8,8,8,8,17
5,6,7,8,11,7,8,9,12,15,8,9,11,13,16,8,9,10,12,15,7,7,8,10,11,11
60,49,33,19,10,62,51,34,19,10,63,52,34,19,10,63,52,34,18,9,63,51,33,18,9,23
17,17,17,18,18,16,17,17,18,18,16,16,17,17,18,16,16,17,17,18,16,16,17,17,17,15
85,74,68,64,61,83,77,74,72,70,80,78,77,77,77,74,75,77,78,80,67,69,72,75,78,86
4,3,3,4,4,4,4,4,4,3,4,4,4,4,4,4,4,4,4,4,5,5,5,5,5,4
13,13,12,12,11,13,13,12,12,11,13,13,12,11,11,13,12,12,11,11,12,12,12,11,11,13
103,102,102,103,106,102,101,101,102,104,101,100,99,100,102,100,98,97,98,99,99,98,97,97,99,93
26,26,26,26,26,26,26,26,26,26,26,26,26,25,25,26,26,25,25,25,25,25,25,25,25,25
28,28,28,29,29,28,28,28,29,29,29,29,28,28,28,28,28,28,28,28,28,28,27,27,28,28
6,7,6,6,6,6,6,6,6,6,6,6,6,6,6,7,6,6,6,6,7,6,6,6,6,6
27,27,27,27,28,27,27,27,27,27,26,26,26,26,27,25,25,25,26,27,25,25,25,26,26,24
94,94,94,94,95,95,94,94,94,94,94,95,95,95,95,95,95,95,95,95,95,95,94,94,94,190
15,14,11,8,5,18,16,15,13,10,42,35,30,28,25,50,48,44,42,38,35,39,41,42,40,61
36,40,44,50,54,40,41,43,46,49,41,42,41,39,41,36,39,37,34,38,30,33,33,31,33,82
14,13,13,13,16,16,14,14,16,19,21,19,18,18,18,21,20,18,18,16,20,22,20,19,19,37
104,104,104,104,104,104,104,104,104,104,104,104,104,104,104,104,104,103,105,105,104,104,104,105,105,208
94,92,95,97,96,95,94,96,96,96,97,96,96,96,97,97,96,96,97,97,97,96,96,96,96,193
93,73,85,80,94,87,69,62,38,29,49,57,63,46,22,47,53,62,56,33,56,57,60,54,38,127
114,114,114,113,114,114,114,114,114,113,113,114,114,114,114,113,114,114,114,113,113,114,114,113,113,228
114,113,112,112,113,113,113,113,113,113,114,113,113,113,113,114,114,113,113,113,113,113,113,113,113,226
93,94,84,50,71,89,95,91,51,67,87,95,94,52,66,87,94,94,53,68,88,92,91,54,71,188
17,19,23,25,22,17,18,17,18,18,17,18,16,15,15,18,19,19,17,16,18,19,21,19,18,33
12,12,17,39,61,11,13,31,65,82,12,20,48,69,67,14,29,58,69,58,19,43,65,69,60,48
150,142,112,76,61,136,153,148,129,97,115,131,153,156,147,128,108,130,157,165,157,124,106,130,160,153
64,82,108,155,173,123,149,166,176,176,186,191,192,189,181,196,197,197,196,196,197,197,197,196,198,192
138,135,135,133,135,137,139,141,141,140,140,141,143,142,141,140,140,134,131,136,140,137,129,128,135,143
95,76,54,50,53,63,52,45,47,54,42,39,41,49,58,36,36,40,53,63,36,35,40,54,68,41
84,92,118,131,103,85,91,117,124,79,101,106,120,112,57,108,114,118,94,41,101,108,108,72,31,120
113,119,112,97,74,76,86,91,83,64,113,123,131,126,106,162,160,154,139,128,160,143,116,105,110,131
138,112,67,55,54,140,117,80,68,70,125,107,92,85,79,104,92,92,93,86,101,104,100,93,79,92
169,176,136,49,40,148,151,86,33,34,99,120,52,26,31,53,66,33,25,29,38,35,26,27,31,52
80,76,82,96,108,88,92,85,81,94,125,128,103,81,88,123,124,98,76,78,104,95,82,75,77,103
41,47,61,69,70,42,42,54,64,65,46,40,46,60,66,52,48,53,63,65,64,63,66,67,63,46
4,13,9,28,32,2,10,9,14,30,2,32,20,14,19,2,4,29,19,15,12,1,8,35,29,20
89,25,15,71,184,91,55,18,26,109,85,92,67,100,91,72,108,117,125,81,74,116,121,120,75,67
95,98,101,87,46,99,104,79,33,20,100,70,29,19,15,49,33,19,19,21,39,21,20,23,27,29
70,56,37,26,24,40,31,26,24,27,58,59,60,66,72,42,45,43,33,34,28,21,23,27,21,60
227,214,191,174,176,239,238,237,237,233,236,237,234,230,234,229,230,231,233,229,223,225,227,230,228,234
244,244,244,244,244,244,244,244,244,244,244,244,244,244,244,245,244,243,243,243,244,244,243,243,244,244
14,19,25,99,126,19,23,68,110,129,52,45,82,71,57,52,78,71,48,17,47,68,76,84,51,82
4,8,28,14,16,12,132,147,18,9,43,162,158,25,11,55,163,155,18,9,69,161,146,18,10,158
103,88,110,83,41,104,106,100,65,32,59,90,64,55,20,49,64,54,60,27,60,68,69,42,34,64
26,22,17,29,17,29,29,13,16,19,34,15,9,17,14,24,19,14,13,21,24,22,17,11,17,9
194,190,193,192,192,190,187,189,190,189,188,187,188,191,188,187,187,189,190,186,187,185,186,187,185,188
142,148,152,155,157,143,149,153,155,157,144,150,153,156,158,145,150,154,156,158,145,150,154,157,159,153
99,103,108,114,122,98,100,103,107,114,99,99,101,103,107,100,100,101,101,103,100,100,101,101,101,97
8,10,16,29,44,9,10,16,28,43,9,10,16,28,42,9,10,16,27,42,10,11,16,26,41,6
51,51,50,49,49,52,51,50,50,50,52,52,51,50,50,53,52,51,51,50,53,52,52,51,51,51
76,77,76,73,69,76,78,77,75,70,77,79,79,77,72,78,80,81,79,74,78,82,83,81,75,81
64,64,64,64,65,64,64,65,65,66,64,64,65,66,67,64,65,67,68,68,65,66,68,69,69,65
66,66,67,66,66,66,67,67,66,66,67,67,67,66,66,67,67,67,66,66,67,67,67,66,66,67
198,194,192,189,180,197,194,192,189,179,196,194,192,189,179,195,193,191,188,178,193,192,191,188,178,189
24,24,24,25,25,23,23,23,24,24,22,22,22,22,23,20,20,20,21,21,19,19,19,19,20,21
34,34,34,32,31,34,34,34,32,31,33,34,33,32,31,33,33,32,32,30,32,32,32,31,29,35
6,6,6,6,7,6,6,6,6,7,6,6,6,6,7,6,6,6,6,6,6,6,6,6,6,7
123,123,125,124,124,123,125,119,117,125,118,122,125,124,127,121,125,129,127,128,127,128,124,125,127,121
112,117,112,116,122,116,115,113,109,112,112,111,115,116,112,114,116,117,114,111,119,115,113,115,112,115
102,102,96,97,96,101,98,98,99,101,103,98,99,98,103,100,106,101,97,98,97,102,104,107,101,95
140,142,136,140,141,143,140,135,136,137,145,143,135,138,138,145,144,139,139,139,140,141,139,139,140,133
59,59,57,61,60,62,60,61,61,61,58,63,58,59,62,66,69,63,60,65,69,69,63,63,66,58
55,54,55,56,56,55,57,56,55,55,57,55,56,58,54,59,56,58,57,54,59,55,57,56,53,55
119,117,109,114,112,115,120,115,113,113,108,120,116,115,110,114,112,115,119,111,115,110,111,114,113,115
116,119,118,121,116,115,119,120,118,119,121,119,118,117,118,118,117,121,122,122,116,118,115,116,115,118
130,132,126,127,123,128,125,123,124,120,126,122,121,123,116,116,122,123,126,118,109,116,120,123,119,119
155,156,156,160,155,160,154,158,157,157,160,157,156,159,157,155,156,157,162,158,157,157,159,162,161,155
86,85,85,85,82,86,83,82,83,83,82,83,84,81,83,83,82,81,86,81,82,78,84,86,81,80
59,58,56,58,56,58,59,58,60,56,59,59,60,61,59,60,57,61,61,61,61,58,59,59,59,121
84,83,82,82,82,87,85,84,84,84,83,82,86,83,85,81,83,87,85,85,84,84,85,84,85,172
58,57,57,56,58,56,56,56,58,61,55,56,59,60,60,56,57,61,61,58,58,57,58,58,56,119
78,79,76,78,77,79,79,75,76,75,79,79,75,77,76,79,79,77,78,76,77,78,77,78,75,151
10,10,10,9,9,10,9,10,9,9,10,9,9,8,8,9,9,9,9,8,8,8,9,9,8,19
17,21,19,19,22,19,20,22,22,22,20,17,20,20,19,19,17,16,17,19,17,17,15,16,19,40
10,10,10,9,9,9,9,10,9,8,10,9,10,10,9,10,9,10,11,9,10,9,9,10,10,21
6,7,7,6,6,7,7,6,6,7,7,6,6,6,7,6,6,6,6,7,6,6,6,6,6,13
54,57,58,57,58,56,56,55,54,58,58,57,56,56,57,56,56,57,57,58,55,54,55,55,55,113
69,67,68,68,68,65,65,67,65,63,68,67,68,66,64,67,65,67,67,68,67,66,67,67,66,136
20,24,27,26,16,18,20,22,19,24,17,19,20,17,18,20,20,19,21,17,21,19,15,19,19,40
108,110,109,111,111,109,110,110,111,111,110,109,110,110,111,108,110,111,110,109,109,109,111,111,110,221
13,15,14,16,18,13,14,14,16,19,11,10,12,13,14,12,10,11,10,13,11,10,13,15,15,25
2,2,2,3,3,2,2,3,3,3,2,2,2,2,2,3,2,2,2,2,2,3,3,3,3,5
102,102,103,104,104,103,103,103,103,103,103,103,104,104,104,103,104,104,105,105,105,104,104,104,104,208
9,7,9,9,7,9,9,9,9,8,7,8,8,7,9,9,11,11,10,12,13,14,13,14,14,17
87,86,85,87,87,87,86,86,87,87,87,87,87,87,86,87,86,87,86,86,86,85,86,85,86,175
96,96,96,95,96,96,95,95,96,97,95,95,96,97,97,96,96,97,97,97,96,97,97,97,98,192
8,15,17,18,20,9,13,13,15,17,11,13,10,10,13,9,12,11,10,12,7,9,11,11,11,21
94,94,95,95,95,94,94,94,94,94,94,94,94,94,95,94,95,95,95,96,95,96,95,95,96,189
94,95,94,94,94,95,95,94,95,95,95,94,95,94,96,94,94,96,94,96,95,96,97,94,96,190
5,5,5,5,5,5,5,4,5,5,5,4,4,5,5,5,5,5,6,5,7,6,5,5,7,9
109,118,117,117,123,136,140,134,130,129,152,151,141,135,135,151,147,126,113,125,147,145,114,94,113,151
65,73,88,73,39,55,71,91,83,51,77,94,103,95,71,102,111,107,97,80,113,120,114,96,70,110
100,108,119,130,134,78,84,105,131,144,78,76,97,131,152,91,86,100,126,142,113,108,113,122,124,84
65,71,73,68,57,61,90,99,80,53,67,98,110,94,71,70,88,106,116,116,90,100,117,137,147,130
196,196,196,196,196,195,195,195,196,196,195,195,195,195,195,195,195,195,195,195,195,195,194,195,195,195
233,232,233,233,233,233,232,233,234,234,233,233,233,234,234,233,233,234,234,234,234,234,234,234,234,233
62,77,79,71,61,51,69,77,74,66,41,57,71,75,71,35,47,62,74,80,32,39,50,67,84,77
27,22,20,19,19,31,27,26,27,28,37,32,31,32,33,38,33,31,31,35,36,32,32,37,49,32
179,177,176,176,176,178,176,175,176,176,178,176,176,176,176,178,177,177,176,175,177,178,177,176,175,176
53,51,46,45,58,47,47,46,45,55,48,50,51,49,51,52,55,58,55,48,51,53,55,54,48,48
181,180,181,182,183,181,181,181,182,183,183,182,182,182,183,183,183,183,183,183,182,182,182,182,183,182
107,112,111,106,104,101,100,96,91,94,88,82,77,76,83,74,67,64,66,74,67,62,62,66,72,49
48,50,47,40,33,43,44,41,36,30,39,38,35,31,28,37,34,30,27,27,34,31,27,25,26,43
111,110,109,108,105,98,94,90,87,88,69,66,65,69,76,45,48,54,63,75,37,44,55,68,80,14
195,194,194,194,194,195,194,194,194,194,195,195,194,194,194,195,195,195,194,194,195,195,195,195,195,194
191,191,190,191,191,191,191,191,191,192,191,191,191,191,192,191,191,191,191,192,191,191,191,191,191,192
184,184,184,184,184,184,184,184,184,184,184,184,184,184,184,183,184,184,184,184,183,183,183,183,183,186
113,99,78,59,48,112,97,79,63,56,114,101,85,73,68,113,103,93,86,82,106,102,100,99,97,83
232,232,232,232,232,232,232,232,232,232,232,232,232,232,232,232,232,232,232,232,232,233,233,232,232,233
98,91,85,80,74,106,95,86,80,77,102,91,81,78,78,84,76,70,70,73,62,58,56,58,62,65
101,89,90,102,115,83,78,86,106,121,69,71,85,108,122,64,72,90,113,125,71,83,102,123,132,39
82,97,109,113,109,107,116,120,117,106,117,120,119,112,99,111,109,108,103,93,99,96,95,94,91,151
24,26,24,10,8,23,27,23,11,7,22,28,23,12,6,25,29,26,17,15,27,25,23,17,22,47
37,37,35,25,35,20,20,30,35,37,15,14,24,46,44,16,15,23,46,33,15,16,44,52,42,48
104,104,104,103,104,104,104,104,104,104,104,106,106,104,104,104,105,105,104,104,104,105,105,104,104,212
6,6,6,6,6,6,6,6,6,6,7,7,6,6,6,6,6,6,6,6,6,6,6,6,6,13
7,7,7,7,7,7,7,7,7,7,7,7,7,7,7,7,7,7,7,7,7,7,7,7,7,14
71,71,71,71,71,70,71,71,71,71,69,70,70,70,70,69,69,69,69,70,68,68,69,68,68,141
100,101,101,101,101,101,101,101,100,101,101,101,100,100,101,101,101,100,100,101,100,100,100,101,101,201
101,100,101,99,100,101,100,100,100,100,100,100,100,101,100,100,101,99,100,99,99,100,99,100,100,200
81,82,80,80,81,80,80,81,82,81,80,79,80,81,80,80,80,81,82,81,80,80,81,82,82,161
27,25,24,27,29,28,26,25,28,28,29,27,24,25,25,25,25,25,26,25,24,25,27,25,26,48
50,50,57,56,47,50,56,65,65,50,57,63,67,67,57,66,66,67,69,66,56,55,59,64,62,135
33,26,22,23,26,30,24,21,21,21,26,22,21,19,18,24,22,21,19,17,23,21,20,20,19,42
31,33,30,31,34,33,32,28,31,39,29,31,34,37,42,28,31,37,40,39,33,32,35,38,38,68
40,37,35,35,36,41,43,44,40,41,43,44,43,44,41,44,43,42,42,40,45,43,42,42,43,87
52,54,60,57,55,22,23,32,59,62,25,24,27,54,63,35,25,27,48,60,35,30,27,44,62,54
33,33,34,33,34,32,34,35,34,34,32,33,33,33,33,34,32,30,29,31,35,33,32,31,33,67
49,35,36,23,16,57,44,42,37,22,34,30,27,24,20,32,26,21,21,25,52,43,30,24,37,55
86,83,82,85,88,86,85,82,81,82,83,81,78,80,78,75,74,71,76,80,71,71,67,72,81,157
92,92,92,93,93,91,91,91,92,93,92,92,92,93,93,93,93,93,93,93,93,93,93,92,92,184
29,22,21,21,22,33,28,22,24,32,29,32,33,34,32,29,32,34,36,32,34,35,33,30,31,66
29,28,28,32,33,27,27,28,29,30,26,25,27,28,28,25,27,25,26,28,27,29,25,25,28,54
32,34,35,35,34,35,36,36,34,33,39,40,38,33,31,38,39,38,34,32,37,36,37,34,32,76
117,114,98,87,101,110,129,131,117,92,82,109,133,136,113,108,104,130,148,134,146,108,105,140,149,132
142,68,66,72,73,225,211,194,164,102,223,229,224,226,188,190,211,227,227,224,163,172,210,220,230,221
30,52,89,86,50,39,40,76,86,49,52,44,71,87,51,62,65,88,96,50,57,77,99,97,57,71
46,35,30,56,126,155,72,39,30,39,191,171,123,53,31,168,183,178,157,74,46,135,168,173,166,119
177,178,163,53,42,173,189,183,112,45,173,177,186,185,88,177,179,183,188,170,181,179,178,188,187,182
78,69,66,73,72,84,67,78,74,73,84,80,80,78,77,92,85,70,78,79,94,84,72,82,81,76
54,94,138,152,152,110,143,145,146,141,144,151,147,129,144,149,151,140,140,152,130,148,146,149,145,147
64,35,27,23,16,39,34,30,51,100,36,44,93,146,161,33,103,160,177,172,78,173,189,172,160,89
194,202,202,180,126,188,202,196,156,104,185,194,187,126,101,193,195,176,116,110,201,191,153,118,124,187
192,188,158,106,92,157,211,207,194,125,129,199,211,207,139,134,167,190,178,120,151,154,173,123,96,211
220,220,214,200,192,222,229,193,127,125,213,209,154,93,92,181,142,124,99,87,128,118,115,132,131,153
72,86,68,45,45,65,84,72,48,52,62,82,72,55,57,59,79,69,58,59,58,74,63,54,57,144
113,113,113,112,112,113,113,113,112,112,113,113,113,112,112,113,113,113,113,113,113,113,113,113,113,226
93,94,92,92,92,88,84,90,97,98,90,87,93,99,101,96,97,96,100,100,102,102,105,99,86,186
118,116,113,90,88,95,95,85,65,75,85,88,69,56,56,87,92,80,55,55,93,88,83,53,54,138
93,96,97,98,100,92,95,96,96,98,91,93,95,97,98,101,104,107,109,110,120,121,122,122,122,191
84,78,76,80,81,76,85,93,98,100,80,98,103,102,99,81,94,97,100,100,66,71,79,91,100,206
9,11,11,9,6,10,12,10,7,6,11,12,8,4,4,11,11,7,3,4,10,10,6,4,4,17
83,59,42,40,35,80,30,25,22,27,94,46,24,27,33,105,91,68,74,86,105,107,107,103,101,48
41,41,49,66,67,46,42,51,66,67,67,66,70,72,64,76,78,82,73,64,59,79,79,80,75,140
52,54,64,77,58,55,46,46,72,70,75,59,48,66,72,84,77,62,63,70,81,84,78,73,69,97
50,50,51,48,47,48,50,52,50,46,49,49,50,49,47,44,45,44,43,44,35,41,40,38,39,100
29,31,38,48,62,30,35,47,63,80,33,44,61,80,95,41,57,77,94,102,52,72,92,102,100,34
100,100,99,99,99,100,100,100,99,99,101,101,100,99,99,101,101,101,100,100,102,101,101,101,101,103
8,8,8,8,9,9,9,9,8,8,9,9,9,9,9,9,9,9,9,9,9,9,9,9,9,9
109,110,112,114,114,93,98,103,110,115,73,77,85,94,103,56,58,64,74,83,48,47,49,55,63,80
158,158,158,158,158,159,159,159,159,159,159,160,160,159,159,159,159,159,159,159,158,158,158,158,158,163
151,151,151,152,152,153,153,153,153,153,154,154,154,154,154,153,154,154,154,154,152,152,152,153,154,157
41,41,41,42,43,41,41,42,43,44,41,42,42,43,44,41,41,42,43,44,40,41,42,42,43,45
218,218,219,219,219,218,219,219,219,218,218,218,219,218,218,218,218,218,218,217,218,218,218,217,217,221
176,175,174,174,174,175,175,175,174,174,175,175,175,175,175,175,175,175,175,175,176,176,175,175,175,177
158,159,160,159,158,159,159,160,159,158,159,160,159,159,158,159,160,159,159,158,159,159,159,159,159,158
154,155,156,156,155,154,155,156,156,156,154,155,155,156,156,154,154,155,155,155,153,154,154,154,155,159
115,120,121,120,115,115,117,119,118,120,114,118,118,116,119,116,117,112,116,113,117,115,114,116,111,114
75,77,69,93,115,78,75,68,98,119,74,74,73,111,113,74,76,84,97,102,75,76,73,74,85,73
160,159,158,160,159,163,158,160,160,155,159,159,163,162,155,159,163,154,165,161,157,160,157,163,167,161
85,80,76,78,80,80,82,83,80,80,79,77,82,80,80,82,80,78,73,75,78,79,78,75,78,78
84,86,89,95,114,67,70,75,88,107,69,70,70,77,94,71,67,73,75,78,67,57,71,70,66,69
90,89,83,89,85,90,90,83,91,82,87,87,88,87,80,86,88,90,94,89,82,93,90,93,87,87
194,193,192,190,188,192,196,194,195,195,194,194,193,197,193,196,195,193,196,195,194,196,195,196,193,193
101,97,91,96,97,97,98,93,91,93,92,94,99,91,86,92,90,94,90,92,98,94,97,98,94,95
11,15,8,31,154,12,12,10,30,151,15,13,11,26,145,14,11,9,22,134,17,10,7,22,132,7
121,122,118,119,126,119,123,117,123,119,121,120,120,117,116,117,122,122,115,118,118,124,122,123,128,117
132,119,117,126,121,135,128,126,129,120,138,135,132,130,122,132,133,132,131,123,130,133,125,131,131,132
68,70,73,69,66,68,71,74,67,61,77,74,64,62,60,72,62,55,58,61,59,61,57,55,58,64
138,131,136,134,126,135,126,134,138,126,133,133,139,134,128,125,136,133,122,128,116,123,122,116,128,135
91,120,116,113,114,105,115,116,109,106,124,113,122,123,113,117,114,112,124,112,114,116,118,121,122,119
175,168,167,171,170,170,172,174,167,166,167,171,170,172,168,174,177,168,169,166,177,172,167,172,170,169
161,162,166,164,158,160,164,159,161,158,161,160,159,161,162,165,162,161,164,164,165,160,162,165,158,157
174,180,176,183,184,174,179,181,181,182,180,185,183,179,183,180,185,182,184,185,174,180,182,182,183,182
152,153,150,148,156,148,145,143,149,155,149,146,150,147,152,151,149,154,148,148,148,154,158,152,150,146
203,209,210,210,205,206,205,206,206,205,203,206,202,208,206,207,206,207,209,208,208,206,206,208,210,202
15,16,18,18,19,17,12,11,15,11,9,9,13,11,12,8,11,18,22,29,27,27,35,40,51,9
114,116,117,117,126,110,114,121,116,121,109,113,122,121,111,119,111,117,118,113,126,119,115,108,113,121
159,156,161,159,152,159,156,162,165,159,156,158,156,159,161,157,159,157,158,153,161,163,164,164,160,152
135,139,137,139,133,138,140,135,136,138,137,142,138,138,140,135,140,132,137,139,134,142,131,128,133,135
188,183,180,184,184,182,185,178,178,183,181,181,179,179,178,174,176,178,181,180,176,179,178,178,175,178
12,14,10,13,10,10,9,11,13,12,14,11,11,12,14,11,11,10,12,13,12,12,11,10,14,9
169,173,173,171,176,171,176,172,169,173,168,169,173,174,172,168,168,176,177,170,169,166,179,177,168,171
137,139,133,137,141,142,138,133,136,136,142,137,132,134,137,138,136,136,137,134,138,136,140,137,138,132
204,209,210,211,207,208,206,208,209,209,210,208,206,207,207,206,207,206,207,207,209,207,204,208,208,206
226,226,228,228,222,220,227,222,224,221,224,224,221,225,228,228,228,228,224,224,223,223,229,225,223,220
178,182,183,177,180,185,184,184,183,183,179,183,179,184,178,182,181,183,184,181,183,185,182,185,182,179
142,142,149,151,155,143,149,151,149,153,150,152,144,146,150,151,146,142,141,148,149,143,141,145,150,144
23,23,17,20,21,20,17,17,22,22,20,19,18,19,19,22,20,19,18,21,20,22,18,18,16,17
226,229,227,226,227,234,233,234,229,228,229,230,233,233,230,225,225,230,230,229,228,226,229,227,230,229
196,188,188,193,195,195,188,183,191,195,189,184,181,189,192,187,184,184,191,192,189,185,182,193,196,181
48,43,46,51,49,49,45,44,46,45,43,43,43,45,44,43,45,45,47,47,47,47,42,42,45,43
134,134,134,135,135,134,134,133,135,135,136,134,135,136,135,137,136,136,137,135,138,138,136,137,136,135
104,107,106,103,98,102,109,106,104,104,104,110,105,104,107,107,105,108,105,109,104,106,108,110,108,105
110,113,114,111,114,110,112,111,107,114,112,112,110,105,112,115,115,113,109,112,114,115,114,111,111,110
134,135,126,131,133,130,132,126,131,132,131,133,130,133,133,134,135,133,133,132,133,131,132,131,130,130
95,90,94,97,97,92,93,97,99,99,89,95,97,97,97,90,94,97,95,95,94,96,99,96,96,97
108,112,108,102,104,105,108,110,102,100,99,101,106,105,102,102,105,105,104,104,107,108,103,100,106,106
17,17,17,17,17,17,17,17,17,17,18,17,15,17,17,17,16,15,17,17,17,16,16,16,17,15
46,45,44,44,44,45,45,45,44,43,44,45,45,45,44,44,45,46,46,45,45,44,44,44,45,45
126,125,124,126,126,125,125,124,125,126,125,127,129,127,125,128,131,129,127,124,129,131,127,127,126,129
148,149,148,148,149,149,149,148,147,148,148,148,148,148,147,148,147,149,148,147,148,147,148,148,147,149
100,98,98,99,101,102,101,101,102,104,105,105,106,107,109,108,109,110,112,114,110,113,114,116,119,107
106,109,108,107,107,107,109,109,108,107,106,108,107,107,107,106,107,106,105,105,107,107,106,105,104,107
16,17,17,19,19,19,21,22,21,21,23,26,24,22,20,24,24,22,21,21,23,22,20,20,23,27
41,49,62,73,81,53,70,91,105,110,73,98,118,126,126,95,117,130,132,130,112,127,134,134,131,130
116,116,116,117,118,117,117,117,117,118,117,117,117,117,118,117,117,117,118,119,118,119,120,120,121,116
63,65,66,71,78,65,67,68,73,80,71,69,69,74,80,80,69,65,69,74,82,67,58,60,64,67
119,118,116,116,116,118,117,114,114,116,118,116,114,113,115,119,117,114,114,115,117,115,113,113,114,112
8,8,7,8,8,8,8,8,8,9,7,7,8,9,9,8,8,8,9,9,8,8,8,8,9,8
60,62,64,65,64,58,60,64,67,68,60,62,66,70,71,65,66,68,71,71,67,67,70,71,71,65
148,150,150,149,149,148,148,149,148,147,147,147,147,146,146,148,148,147,147,147,148,149,150,149,149,147
9,9,11,11,10,10,11,8,10,11,11,11,11,14,11,11,11,11,12,11,10,11,10,11,13,22
29,26,22,21,21,29,26,22,23,24,26,26,26,27,25,25,25,26,28,27,25,25,28,31,31,52
53,56,53,51,51,53,55,52,51,52,54,56,52,50,50,52,55,52,50,50,49,54,56,53,53,105
65,65,68,69,70,63,65,67,68,69,64,65,67,67,69,65,65,66,67,68,66,65,65,66,67,134
51,52,51,51,54,52,54,57,56,54,55,53,58,58,56,55,53,52,52,52,52,51,53,53,52,117
40,22,20,23,27,29,22,21,25,25,21,20,21,28,28,21,23,26,31,31,27,29,30,29,28,42
101,100,100,100,100,98,100,99,99,99,100,99,99,99,99,100,99,99,99,99,98,99,99,99,99,198
26,27,29,27,28,29,31,30,28,29,31,34,32,30,29,30,31,31,32,33,28,27,28,32,33,65
27,26,26,25,23,26,24,25,23,19,28,27,28,25,18,27,28,29,27,21,26,27,28,27,29,57
28,30,31,32,35,26,33,32,31,31,27,29,33,26,21,27,27,28,24,24,33,29,31,31,31,67
54,51,46,45,50,51,50,44,42,49,47,47,43,40,42,46,41,39,35,34,42,38,39,38,36,86
184,182,180,179,178,184,182,180,180,179,183,182,181,181,180,184,183,182,182,181,186,185,184,183,181,179
29,27,26,26,25,28,26,24,24,24,26,25,23,23,24,26,25,23,22,24,27,26,24,23,23,21
152,155,156,154,154,152,156,157,155,155,154,156,157,156,155,153,153,153,154,154,150,149,150,152,152,161
85,85,86,87,88,80,80,82,84,85,76,77,78,80,81,74,75,76,77,78,73,73,73,75,76,78
51,51,51,52,54,50,50,50,51,54,49,48,48,49,51,50,49,49,49,48,53,53,52,50,49,50
44,45,45,44,44,45,46,45,43,42,45,45,44,42,42,44,42,42,41,42,43,41,41,40,41,47
79,78,76,75,73,81,80,76,74,73,82,82,77,73,73,82,83,81,75,76,85,83,83,81,80,72
159,158,158,160,162,158,158,159,161,162,158,159,159,160,159,159,159,158,157,157,160,160,158,157,157,160
214,214,215,214,213,215,215,216,215,214,216,217,218,217,216,217,218,218,217,217,217,217,216,216,216,219
166,165,163,161,158,165,163,162,161,159,163,161,159,160,159,163,160,158,159,159,163,160,158,158,158,157
42,43,42,41,39,42,42,41,40,40,44,44,42,41,40,44,44,42,41,40,42,42,41,41,42,44
42,41,41,40,39,42,41,40,39,38,41,40,40,39,38,40,39,39,38,37,40,39,38,38,37,40
20,19,18,17,16,20,19,18,17,16,20,19,18,17,17,18,17,17,18,18,18,17,17,18,19,17
154,154,154,154,154,153,153,154,154,154,152,153,154,155,154,153,154,156,156,156,156,156,157,157,157,155
201,201,202,202,202,200,201,202,202,202,200,201,201,202,202,200,201,201,202,202,201,201,201,202,203,202
163,163,163,164,165,163,164,165,166,166,164,165,166,167,167,164,165,165,166,166,164,164,164,165,166,169
161,162,163,163,163,159,159,159,160,160,157,156,156,157,157,155,154,154,155,155,155,154,154,155,154,154
115,114,114,114,113,114,113,113,113,112,113,112,112,112,112,112,111,111,112,113,112,111,111,112,112,109
191,191,191,190,190,190,191,191,190,190,190,190,191,191,191,189,190,190,190,191,189,189,190,190,190,191
116,116,115,115,114,115,114,114,114,113,115,115,115,114,114,117,117,117,116,115,118,119,118,118,117,114
31,30,30,31,33,32,31,31,32,34,33,32,33,34,34,33,33,34,35,35,33,34,34,34,34,36
148,148,147,146,145,148,148,147,145,145,148,147,146,145,145,147,146,146,145,146,147,146,146,145,145,146
97,94,98,103,99,79,84,96,104,105,72,79,90,97,97,79,81,82,84,86,80,82,82,83,84,87
14,15,19,15,18,15,16,16,15,17,14,16,15,18,19,15,18,15,15,16,18,14,17,16,14,14
211,208,210,207,207,209,208,206,209,208,204,207,208,206,208,209,210,205,209,208,208,209,210,207,205,204
41,27,29,31,32,42,39,39,31,28,53,56,43,34,27,49,45,31,29,27,36,33,28,27,29,42
178,178,179,176,176,178,176,178,179,180,179,181,177,178,178,177,178,181,180,178,179,177,179,182,179,177
223,225,226,226,220,221,224,226,228,225,225,224,229,226,225,227,227,226,223,221,223,223,225,223,225,225
44,72,77,84,87,47,73,81,80,82,50,64,70,71,64,60,58,61,64,52,62,47,53,67,61,69
128,127,124,98,105,127,122,118,100,95,87,100,95,84,79,83,67,53,53,59,103,65,47,49,51,93
175,179,180,181,180,181,180,180,177,182,179,179,181,177,183,177,180,181,180,181,179,182,180,181,185,177
216,211,211,214,213,216,213,211,214,212,212,214,214,214,212,214,213,214,211,210,211,213,213,212,210,210
182,183,183,184,185,184,182,182,183,183,185,186,184,181,183,185,182,183,180,181,182,185,181,181,185,182
97,65,43,38,60,97,78,62,55,67,85,79,73,70,75,58,59,62,70,80,42,42,49,66,86,105
57,45,31,25,29,36,32,25,22,28,21,21,20,21,36,16,16,16,26,52,19,15,17,35,71,23
78,89,93,92,85,81,93,97,94,88,76,86,89,86,80,65,71,75,73,69,55,58,63,67,66,97
149,152,156,159,156,139,143,146,146,142,136,137,134,129,124,138,139,132,123,118,139,143,138,130,126,122
157,156,153,149,145,161,160,156,152,146,152,153,152,151,147,140,144,147,150,150,136,140,145,152,154,148
228,228,228,228,228,228,227,227,228,228,228,228,228,228,228,228,228,228,228,228,228,228,228,228,228,228
172,171,172,176,175,170,166,166,170,173,167,160,158,161,166,165,157,152,153,158,163,159,154,151,154,152
48,51,56,57,57,43,46,51,56,59,39,41,47,53,59,39,40,44,49,54,44,45,46,44,42,45
121,123,121,115,113,120,123,123,118,115,119,123,123,122,119,117,119,119,121,119,111,112,112,114,114,128
69,64,64,73,84,71,68,72,80,86,65,63,70,80,82,55,54,62,71,72,50,50,56,61,59,72
17,16,18,20,21,24,27,31,31,26,50,57,60,52,38,90,94,88,72,51,121,116,104,86,67,72
30,33,50,76,93,35,33,43,62,76,45,37,34,41,52,55,42,31,30,42,56,42,29,28,45,19
39,40,40,41,43,39,40,41,42,43,41,41,41,42,44,42,41,41,43,44,42,41,41,42,44,41
148,148,150,152,154,146,146,147,149,150,145,145,146,147,148,146,146,146,147,148,147,147,147,147,147,145
71,60,59,61,64,63,67,78,79,73,71,88,103,103,93,95,112,123,120,111,122,127,124,118,116,128
191,191,190,190,190,191,190,190,190,190,190,190,190,190,190,190,190,190,190,190,190,191,191,191,191,190
215,216,216,217,216,216,217,217,217,216,216,217,217,217,216,216,216,217,217,216,216,216,216,216,216,218
65,86,93,80,55,52,76,86,76,55,32,49,58,53,42,19,25,29,28,26,14,14,15,15,16,78
178,178,178,177,177,178,178,177,177,176,178,178,177,176,176,177,177,177,176,177,177,177,177,177,177,177
138,133,120,106,99,79,78,79,84,97,35,43,52,66,92,27,41,49,54,74,32,46,50,46,53,26
157,155,147,133,121,158,156,146,130,119,159,156,147,131,122,152,152,146,136,130,132,138,142,141,139,158
92,85,81,82,79,116,109,108,109,104,129,131,132,132,129,122,132,132,128,129,104,113,110,104,109,156
149,149,155,157,118,158,141,149,153,145,159,121,89,131,145,120,60,14,76,129,18,9,10,22,70,89
53,40,40,38,52,52,57,56,56,54,52,59,52,43,31,48,56,53,29,25,48,42,48,31,23,52
14,9,9,9,8,14,11,13,10,13,17,14,19,27,25,19,19,30,39,32,25,35,48,62,51,19
129,130,130,137,138,124,122,119,125,134,128,123,118,121,128,130,123,118,122,128,132,124,122,127,131,118
47,36,33,26,44,83,36,32,25,32,153,69,24,26,21,168,143,38,22,31,165,140,61,95,110,24
64,57,47,41,41,66,57,45,38,32,71,62,41,37,40,67,69,39,32,54,84,86,49,23,38,41
128,140,136,132,118,157,157,152,117,90,156,159,162,92,60,151,152,140,92,67,118,65,68,124,136,162
36,26,24,24,24,22,27,25,29,32,37,24,25,33,39,51,29,27,30,28,52,31,28,28,33,25
236,236,236,236,236,236,235,235,235,238,236,235,234,234,236,236,235,235,235,235,236,236,236,235,236,234
175,169,172,162,137,162,155,158,152,149,156,128,125,130,130,152,136,134,126,126,134,159,161,158,139,125
58,64,57,34,23,56,62,53,45,43,55,60,57,69,68,56,63,62,71,74,44,56,53,46,65,57
98,113,107,108,128,98,107,91,78,97,103,107,82,51,54,99,100,74,39,30,84,85,67,43,34,92
165,165,165,165,165,165,165,164,164,165,165,164,164,164,165,164,164,164,165,165,164,163,163,164,165,164
162,162,162,163,163,162,162,163,164,163,162,163,164,163,163,162,163,163,163,162,162,162,163,163,163,167
105,109,109,108,108,101,102,101,100,99,80,80,84,89,92,54,53,62,76,89,45,42,49,68,86,88
85,88,92,93,92,87,89,90,86,85,84,83,81,77,75,72,71,74,76,76,58,63,75,84,87,85
54,50,50,55,65,50,52,52,57,65,55,60,65,70,72,68,70,78,83,81,83,80,84,88,85,64
63,66,63,62,68,45,47,46,49,59,37,36,34,38,47,42,39,35,33,34,54,52,44,32,26,31
169,169,169,169,169,169,168,168,168,168,168,168,168,168,168,168,168,168,168,168,169,169,168,168,168,167
188,187,187,187,187,187,187,187,187,187,187,187,187,187,187,188,187,187,187,187,187,187,186,186,186,187
166,166,166,165,165,165,166,166,166,165,165,165,165,165,165,165,164,164,164,164,165,164,164,164,164,165
228,228,229,229,229,228,228,229,229,230,227,228,228,229,229,226,227,228,228,228,227,227,228,228,228,229
232,231,231,231,231,233,232,231,231,231,233,232,231,231,231,232,231,231,231,231,232,231,231,231,231,231
92,55,38,36,38,84,56,45,41,48,71,54,50,50,66,58,50,53,62,88,55,49,56,77,111,56
42,27,30,48,78,40,28,37,69,105,36,28,47,91,123,36,28,51,99,127,39,31,51,95,118,26
220,220,220,220,220,220,220,220,219,219,220,220,220,219,219,220,220,220,219,219,219,219,220,220,220,220
224,224,224,224,224,224,223,223,224,224,224,223,224,224,224,224,224,224,224,224,224,224,224,224,224,223
207,205,203,202,202,206,205,204,203,202,206,206,205,204,203,207,205,204,204,203,206,205,203,202,201,205
132,137,159,170,170,129,145,170,175,172,144,156,174,184,183,162,164,170,185,189,173,166,163,177,189,182
137,130,126,122,124,135,130,129,132,141,135,131,131,142,153,138,131,130,139,148,138,129,123,128,135,126
232,232,233,233,233,232,232,232,232,233,232,232,232,232,233,232,232,233,233,233,232,232,233,233,233,232
152,153,157,160,156,151,152,156,157,154,150,153,159,161,157,147,155,162,164,163,141,153,160,163,162,164
168,158,147,144,144,174,162,145,140,139,172,159,142,137,136,156,146,135,136,138,129,126,128,135,139,133
149,129,145,166,162,90,101,105,170,154,102,114,135,167,159,158,164,163,174,164,160,165,163,171,168,135
44,41,40,45,41,39,40,39,42,44,36,39,39,42,42,36,40,42,39,41,39,42,43,38,41,39
45,44,40,42,43,45,43,39,43,43,38,36,36,37,37,33,33,37,35,32,35,34,33,34,37,36
100,98,102,109,120,98,106,112,119,125,105,120,118,124,125,101,116,118,122,118,95,103,108,110,105,118
67,64,63,65,76,63,59,63,65,73,55,66,88,75,60,88,113,110,67,46,144,151,105,51,45,88
20,16,26,25,28,18,15,25,26,28,18,17,21,27,21,16,16,16,24,22,16,20,21,29,25,21
136,138,116,71,85,118,132,102,86,100,110,121,94,76,104,156,158,131,81,100,151,158,157,109,150,94
139,139,148,146,130,146,145,151,155,149,153,156,153,150,146,154,156,139,129,122,148,147,126,121,119,153
202,199,196,203,218,205,201,201,215,225,204,189,182,197,207,157,160,168,175,181,112,156,166,145,160,182
125,92,87,121,156,72,75,87,114,147,84,108,118,122,127,147,171,170,166,129,166,171,174,170,147,118
171,174,173,154,115,169,169,162,167,149,142,151,148,155,158,121,134,135,139,154,108,143,149,140,136,148
18,19,19,19,19,18,18,18,18,19,17,17,17,17,17,16,16,16,16,16,16,16,16,16,16,15
79,77,75,73,71,77,76,74,72,71,75,75,74,73,73,73,75,75,75,74,73,75,76,75,74,75
222,221,219,217,215,219,219,218,216,212,217,219,219,217,213,215,218,220,220,217,212,214,216,219,219,215
184,178,170,160,152,176,170,164,159,155,163,156,153,155,161,153,147,145,150,161,150,148,146,149,158,128
196,195,194,191,187,193,194,192,188,185,184,187,186,184,182,178,182,183,182,182,179,184,186,185,183,198
47,47,48,50,51,57,58,60,64,67,69,70,74,81,85,77,78,83,90,94,78,80,84,89,92,85
24,23,22,21,21,24,24,24,23,22,25,25,25,24,23,24,25,26,25,24,23,25,26,26,25,28
204,200,198,197,197,198,195,194,194,194,195,194,195,194,191,195,196,197,195,190,197,199,201,199,192,198
180,176,171,172,180,183,177,171,172,181,179,169,160,158,167,175,162,149,144,150,177,165,152,144,144,147
56,58,62,66,71,56,60,64,66,68,56,60,64,65,64,55,60,63,63,61,56,60,62,62,61,69
126,128,130,132,131,121,122,125,127,128,117,117,117,119,121,114,112,110,110,112,107,105,102,101,104,109
82,84,84,83,83,81,82,82,81,82,80,80,80,80,82,80,80,81,81,83,81,82,83,84,86,78
39,42,46,50,55,41,44,48,53,58,42,46,50,55,61,44,48,52,58,64,46,50,54,60,67,51
80,88,98,107,113,83,90,98,107,113,83,89,97,105,112,80,86,94,103,110,76,83,92,101,108,92
77,77,78,78,78,77,78,78,78,78,78,78,78,78,78,78,78,78,78,78,78,79,79,79,79,80
91,92,91,90,90,90,91,91,90,89,87,89,90,89,88,83,87,88,88,87,80,84,86,86,87,90
123,123,124,124,123,123,123,124,124,124,123,123,124,124,124,123,123,124,123,123,124,124,123,123,123,128
72,71,70,67,65,73,72,70,67,65,73,72,70,67,66,73,72,70,68,68,74,73,71,70,70,76
104,101,100,98,97,102,101,99,98,97,101,100,99,98,97,100,99,99,98,97,99,99,98,97,97,99
114,121,128,128,120,113,120,127,126,119,113,120,125,124,117,114,118,121,118,111,114,115,114,109,102,141
115,120,128,134,137,120,125,132,136,136,123,128,133,135,135,123,127,131,134,134,122,125,129,132,133,148
37,38,38,37,35,37,38,38,37,35,37,38,38,37,35,37,37,37,37,35,37,37,37,37,35,40
67,66,64,62,58,67,66,64,61,58,67,65,64,61,58,66,65,63,61,58,66,64,63,61,58,66
215,216,217,217,217,216,216,217,218,218,216,216,217,217,217,216,216,217,217,217,216,216,216,216,216,216
174,174,174,174,174,174,174,174,174,174,175,175,174,174,174,175,175,174,174,174,175,175,174,174,174,176
184,185,186,186,186,184,185,186,186,186,184,185,186,186,186,185,186,186,187,187,185,186,187,187,187,183
6,6,6,7,7,6,6,6,6,6,6,6,6,6,6,5,5,5,5,5,5,5,5,5,5,6
71,73,76,78,78,71,73,76,78,78,72,74,76,79,78,73,74,77,79,78,74,76,78,79,78,67
72,73,73,73,73,73,73,73,73,73,73,73,73,73,73,73,73,73,73,72,74,74,73,72,72,74
232,232,232,232,232,233,233,233,233,233,233,233,233,233,233,234,233,233,234,234,234,234,234,234,234,233
148,147,147,147,148,147,146,146,146,147,146,146,146,146,146,147,146,146,146,146,147,147,146,146,146,144
197,198,198,198,198,197,198,198,198,198,197,197,198,198,198,196,197,198,198,198,196,197,197,197,197,199
228,229,229,229,229,228,228,229,229,228,228,228,229,229,228,227,228,228,228,228,227,227,228,228,227,230
91,90,93,93,93,92,93,95,94,94,92,96,95,95,94,91,94,95,95,94,95,93,95,94,94,191
45,45,45,46,46,46,45,44,45,46,46,45,45,45,46,45,46,47,48,49,46,48,50,52,53,90
76,69,65,65,66,72,69,66,66,65,71,68,67,65,65,67,68,68,65,66,65,69,68,67,69,135
34,35,35,35,35,34,34,34,36,35,33,33,34,35,35,35,34,34,33,34,35,33,34,35,35,68
42,42,44,45,44,42,41,43,45,45,44,42,42,45,45,45,42,42,44,45,47,43,41,44,46,85
94,95,94,95,95,94,96,96,96,94,93,96,97,97,94,95,96,96,95,94,93,94,94,94,94,195
91,92,93,93,92,91,91,93,92,92,92,91,93,93,93,92,92,92,93,93,93,92,92,93,93,186
88,88,90,90,91,89,90,91,90,90,89,90,89,89,90,90,90,89,90,91,91,90,90,91,91,179
95,95,94,94,93,94,94,94,93,93,92,93,93,94,94,95,95,94,94,95,96,96,95,94,96,187
91,90,88,88,88,89,88,88,88,88,88,88,90,90,90,90,89,91,90,90,91,91,90,87,89,180
92,93,93,94,95,92,94,93,93,94,91,93,93,94,93,92,92,93,95,93,92,92,92,94,93,187
140,135,134,135,134,138,138,136,138,138,135,138,136,138,139,135,137,135,136,139,134,139,135,136,136,134
36,46,48,46,55,34,40,42,45,47,34,36,40,39,41,32,35,35,38,33,28,31,34,37,36,37
189,190,191,193,190,186,191,190,193,190,186,189,189,191,190,190,189,188,192,195,189,188,190,192,193,188
165,172,169,169,170,170,170,168,169,169,170,170,168,169,172,170,167,167,174,172,171,168,171,167,170,167
148,151,151,147,147,148,153,152,147,150,144,148,149,146,150,148,150,148,148,152,150,148,149,151,152,146
55,56,52,55,59,52,52,51,56,59,56,54,56,55,62,60,59,62,64,63,59,57,62,61,63,53
139,129,133,129,127,133,129,128,126,124,127,128,125,123,121,128,126,124,120,124,126,126,126,122,121,125
125,140,155,157,158,86,108,142,154,162,70,78,85,131,157,65,69,71,86,121,91,68,72,73,77,83
81,79,82,91,117,75,78,84,93,117,77,79,87,91,114,87,84,87,93,118,92,89,90,93,117,83
217,211,207,205,202,219,207,204,201,201,221,210,204,203,204,219,214,204,204,202,223,217,208,203,200,202
217,217,217,217,217,217,218,218,216,212,210,209,202,199,201,200,198,198,199,197,198,200,197,196,199,201
90,100,109,115,120,126,139,147,149,152,153,160,161,159,161,161,164,163,160,160,158,162,161,157,152,165
103,101,98,96,96,78,80,82,84,87,73,77,80,83,86,77,79,79,81,83,85,81,77,76,77,79
93,102,109,112,115,84,89,96,103,110,97,102,108,113,113,123,132,134,128,121,140,150,147,136,130,101
132,131,131,131,131,132,132,132,132,132,133,133,133,134,133,132,133,133,133,133,133,133,133,132,132,133
80,78,78,79,79,78,77,78,80,80,78,78,80,82,82,79,80,81,83,82,79,80,81,81,81,81
177,185,181,168,154,177,184,177,162,150,178,182,173,156,146,177,179,168,152,144,177,177,165,151,145,178
209,208,208,208,208,209,208,208,207,207,208,208,207,207,207,208,207,207,207,207,208,207,208,208,208,208
94,96,97,98,98,94,97,98,98,98,94,97,99,99,98,94,96,98,99,98,92,94,97,98,97,100
114,112,115,122,129,111,109,114,126,136,112,109,119,134,145,114,113,124,140,150,112,112,124,141,150,117
194,195,197,199,199,196,196,197,198,199,198,197,197,198,199,199,198,198,198,198,198,198,198,198,199,197
136,136,136,136,136,137,137,136,136,136,136,136,137,137,137,135,136,136,137,136,135,135,136,136,136,137
129,131,160,170,170,130,133,168,180,174,147,147,181,188,191,175,172,193,190,186,176,161,163,174,177,178
187,188,193,186,189,194,187,186,185,187,217,196,191,213,226,214,203,199,218,241,218,215,207,227,223,190
154,139,148,177,173,159,133,132,166,175,157,127,108,134,168,161,148,99,100,158,161,160,127,94,134,104
35,37,43,39,31,34,37,39,36,34,33,34,39,49,40,35,32,39,61,63,35,41,43,65,70,38
30,27,32,27,30,35,36,32,32,35,39,25,34,33,34,33,30,35,34,24,27,39,33,30,27,30
155,155,145,133,138,152,149,131,126,133,148,138,113,110,121,138,118,105,115,142,133,108,114,148,175,113
193,215,224,222,228,173,193,211,210,204,200,192,202,214,206,238,202,180,205,223,236,244,201,179,187,198
51,40,47,57,101,58,51,44,52,104,64,45,45,54,103,74,43,47,58,106,86,43,48,78,129,43
43,33,92,171,184,46,38,54,135,177,48,38,39,86,181,66,46,36,72,185,82,75,41,52,149,37
72,148,192,162,61,82,114,181,98,56,123,106,122,56,50,130,126,85,57,82,74,74,70,79,114,122
144,147,147,134,145,135,127,139,136,145,124,136,139,140,132,144,148,145,129,113,148,145,128,112,112,135
28,28,25,29,33,27,28,28,31,37,32,27,26,36,32,35,28,29,34,34,30,27,30,32,32,25
220,216,215,220,217,220,219,215,216,215,216,216,213,213,215,217,217,214,217,213,216,215,212,214,216,212
132,128,119,118,128,119,117,121,129,135,117,124,135,145,135,129,137,145,139,132,137,136,133,126,123,135
134,136,135,132,129,130,132,132,131,125,127,133,131,132,130,133,129,133,135,138,135,127,129,135,139,130
26,25,26,25,26,27,28,27,28,24,28,29,27,29,25,30,29,30,26,24,28,29,29,30,28,27
34,28,29,28,31,32,29,33,29,30,30,29,31,36,31,35,29,33,34,34,31,31,30,31,31,30
136,135,138,129,122,147,138,141,127,121,148,142,138,128,118,138,141,140,129,118,137,141,139,128,117,137
32,36,38,32,36,36,43,43,40,41,40,43,39,39,37,36,34,38,42,37,35,32,36,44,36,38
91,84,87,90,93,99,98,92,84,89,107,107,98,94,89,97,102,95,91,91,90,92,94,95,96,97
236,234,234,235,232,236,234,234,236,232,234,233,235,235,235,238,237,235,237,233,235,236,236,238,237,232
120,119,115,110,112,118,114,116,110,118,112,113,114,113,115,119,114,117,111,113,122,117,113,110,115,113
188,189,184,174,168,190,191,188,175,165,195,194,192,177,165,198,195,192,183,174,195,190,190,189,182,192
226,220,210,208,226,228,228,231,228,234,143,145,142,144,149,116,112,103,101,111,228,226,172,125,196,142
233,234,234,234,234,234,234,234,234,234,234,234,233,233,233,234,234,234,233,233,233,233,232,232,231,233
154,129,133,171,207,173,136,134,170,188,238,214,211,227,228,236,223,218,235,236,168,140,140,175,182,211
111,111,105,105,107,108,108,112,111,112,108,108,119,114,111,112,113,117,113,111,112,115,111,112,115,119
237,237,235,238,242,237,236,236,238,242,233,232,234,238,240,233,234,233,235,239,234,234,233,235,240,234
8,10,11,12,12,9,11,10,10,12,10,13,11,11,13,10,13,11,11,12,9,10,10,10,10,11
29,27,26,27,28,28,27,25,26,27,26,27,28,28,27,29,29,28,28,27,26,26,26,26,26,28
103,118,131,88,53,125,148,145,128,67,137,142,145,143,91,135,132,148,146,132,126,122,133,141,140,145
95,99,142,195,205,128,150,204,213,206,118,118,159,165,138,92,82,79,71,77,111,109,98,128,153,159
236,236,236,236,237,235,236,237,237,237,235,236,237,237,236,235,236,236,236,235,236,236,236,236,236,237
99,98,100,103,100,103,104,104,101,92,103,105,102,93,83,102,98,94,88,84,104,95,91,94,96,102
89,86,87,92,97,92,92,93,95,100,97,99,99,96,97,97,99,101,99,98,95,95,99,100,101,99
94,101,101,98,101,90,102,110,105,110,83,91,104,109,113,83,90,101,105,109,90,94,101,102,103,104
197,197,196,196,196,197,197,196,196,197,196,197,198,198,198,196,197,197,196,195,196,197,198,197,196,198
159,160,129,86,73,162,163,162,126,94,130,164,168,154,125,90,139,159,161,142,86,115,133,124,136,168
42,41,35,34,36,34,35,42,43,39,42,50,49,43,45,48,70,64,61,81,47,75,85,95,107,49
51,28,28,60,111,82,46,26,41,99,97,74,33,31,82,94,82,37,33,55,86,81,57,41,64,33
61,63,47,39,31,81,101,94,67,44,124,134,121,85,55,137,141,133,106,79,136,137,134,116,88,121
63,96,87,84,83,104,103,88,85,83,112,112,99,85,90,103,106,103,95,101,101,107,110,110,108,99
112,111,116,135,144,113,114,119,130,138,112,122,128,128,127,112,127,129,128,123,115,111,129,133,128,128
40,40,37,39,58,59,51,44,49,86,95,88,84,91,115,108,127,126,129,115,109,131,138,136,104,84
39,40,41,40,39,38,40,40,40,40,38,39,39,40,42,38,38,39,41,44,40,39,39,41,43,78
70,69,69,71,72,70,69,69,71,72,70,70,70,70,71,70,70,69,70,70,70,69,69,71,70,140
122,122,123,123,122,122,122,123,123,123,122,123,123,123,123,123,122,123,125,124,125,125,123,124,125,246
53,52,54,54,50,53,56,55,54,52,48,53,55,54,51,44,49,53,52,49,41,45,49,49,48,110
52,52,52,52,53,50,50,50,51,52,48,47,47,48,48,48,47,46,46,46,50,49,46,44,45,95
95,94,93,94,96,94,93,93,93,94,95,93,93,94,93,96,95,95,96,95,97,97,96,97,97,187
47,44,42,45,42,46,44,44,41,37,44,43,43,38,35,45,42,39,38,37,44,41,39,41,40,87
82,84,85,84,81,81,83,82,78,77,77,79,76,71,71,74,71,69,70,69,71,68,65,67,66,153
58,60,60,53,51,58,61,64,57,52,57,57,62,57,57,68,59,65,59,56,87,73,63,59,46,125
58,59,61,61,61,58,58,58,59,61,58,57,55,56,58,58,57,55,55,57,58,56,55,55,56,111
36,35,35,35,31,36,36,35,34,31,40,42,40,36,30,43,43,40,35,30,42,43,42,38,33,80
71,73,71,69,70,70,72,72,70,71,68,71,74,73,73,69,72,72,71,72,71,72,69,69,72,149
43,42,42,43,42,44,43,43,43,42,44,43,43,44,42,43,42,44,44,43,42,42,44,45,44,87
68,62,49,49,48,56,55,51,49,50,31,34,45,49,51,26,30,46,49,49,28,38,49,49,43,90
81,78,75,58,46,87,88,88,72,49,89,91,90,79,52,90,89,88,80,52,90,88,90,81,53,181
6,6,6,6,6,7,7,7,6,6,7,8,6,6,6,8,7,7,7,7,7,6,5,6,6,13
46,39,35,36,35,46,36,32,31,32,38,34,32,31,32,32,33,31,31,36,34,35,34,34,39,65
45,61,65,64,61,50,60,61,55,48,58,54,51,47,43,58,55,51,48,47,56,61,53,48,50,103
86,88,89,87,88,87,90,88,88,89,88,89,87,88,88,88,88,88,88,88,88,87,88,88,88,175
95,96,97,96,95,95,96,96,95,94,95,96,96,97,97,95,95,95,97,98,96,95,94,96,96,192
61,60,64,65,66,53,61,65,66,66,49,51,58,58,60,49,49,50,50,55,51,49,48,53,58,117
89,91,88,88,90,90,92,88,89,92,90,92,90,90,91,90,91,90,90,88,88,89,91,90,87,180
84,84,88,88,87,84,83,86,85,88,85,89,87,86,92,88,91,92,94,90,80,88,89,90,92,85
59,61,60,65,69,61,65,59,62,67,63,58,54,58,68,64,60,62,66,67,69,67,59,63,68,54
62,66,67,62,64,67,66,64,63,61,67,64,61,62,66,64,62,58,58,64,67,66,59,61,62,59
73,62,62,64,68,76,69,69,74,78,73,79,82,77,75,74,82,81,78,69,79,81,76,77,70,78
110,114,116,114,115,111,111,119,118,117,116,122,120,119,120,119,121,119,118,118,116,117,120,117,114,117
152,151,155,165,169,148,149,156,161,170,147,150,158,169,172,147,155,164,168,173,150,159,161,167,170,157
72,71,68,68,70,70,72,71,69,67,68,69,70,71,68,71,69,67,72,71,68,70,67,70,69,69
8,8,5,6,8,8,4,5,6,7,5,6,6,5,7,8,7,5,7,8,6,6,8,6,7,5
154,155,154,147,151,155,157,154,152,154,165,160,158,151,155,163,163,156,154,154,161,158,161,158,159,155
43,45,46,43,42,42,41,43,42,44,42,44,44,44,43,44,42,44,44,44,43,42,43,44,41,41
94,97,91,97,108,85,94,94,99,105,87,91,96,102,97,86,91,87,89,93,85,91,90,87,86,93
121,121,121,121,121,121,121,121,121,121,121,121,121,121,121,121,121,121,121,121,121,121,121,121,121,243
7,8,7,7,7,7,7,7,7,7,7,7,7,7,7,7,7,7,7,7,7,7,7,7,8,14
36,36,35,35,36,36,36,35,36,36,36,35,35,35,37,35,35,35,34,35,36,36,35,33,33,70
22,24,24,22,23,24,25,24,23,24,24,25,25,25,25,23,24,25,25,24,23,23,25,25,24,51
56,54,54,55,54,55,54,55,55,54,54,55,57,57,56,54,56,57,56,57,55,56,55,54,54,115
41,42,43,43,42,39,42,45,44,43,42,43,45,44,43,43,44,45,43,42,42,42,43,42,41,90
50,50,51,50,49,51,52,54,52,49,53,52,52,52,52,55,54,53,53,53,57,56,55,55,56,105
55,56,56,56,56,55,55,54,55,55,55,54,54,54,55,54,55,54,55,54,54,56,56,54,54,108
13,12,12,13,13,12,12,12,12,13,14,13,13,13,12,14,14,14,14,12,14,14,15,14,12,27
105,104,104,104,104,104,104,104,104,104,103,104,104,104,104,104,105,104,103,103,104,104,104,103,103,208
39,40,40,41,41,40,39,39,40,40,42,41,40,40,40,47,44,42,41,42,51,50,47,46,45,80
89,90,92,94,93,89,90,91,92,93,91,91,90,89,91,92,91,90,88,90,91,90,91,91,90,181
98,98,98,98,99,98,98,98,98,99,99,98,99,101,100,99,98,99,100,100,99,98,99,100,99,199
30,30,31,34,36,31,30,31,33,35,32,32,32,33,35,33,33,32,33,35,36,34,33,32,33,64
103,101,101,101,100,102,103,103,101,100,102,103,103,102,101,101,102,102,102,102,102,103,103,103,103,206
99,100,98,99,99,99,100,98,99,100,99,100,99,100,100,99,99,100,100,99,98,98,100,100,99,199
45,47,52,51,41,59,59,63,63,55,64,65,69,65,58,66,66,67,66,57,65,65,66,66,58,138
91,91,92,92,90,90,89,90,91,90,87,87,89,91,91,85,86,90,93,91,85,86,91,93,91,179
43,43,43,41,42,41,41,42,42,43,41,42,43,42,42,43,43,43,41,41,43,42,42,42,43,87
101,102,101,99,99,102,102,101,100,99,102,102,101,100,100,101,101,101,102,102,100,100,101,103,103,202
5,4,4,4,4,5,5,6,6,5,5,5,6,6,5,5,5,5,5,5,5,6,5,5,5,12
37,36,32,30,28,37,37,34,30,27,37,37,34,29,26,36,36,33,29,28,36,36,34,30,28,68
99,95,91,89,96,90,89,89,91,99,81,81,82,84,90,86,85,84,81,83,95,97,97,94,86,82
70,72,68,68,69,64,69,69,71,70,60,64,67,73,72,64,66,69,72,67,63,62,63,60,53,67
156,163,168,168,170,164,168,166,164,171,175,175,176,174,174,186,184,185,185,179,183,183,184,185,183,176
91,94,95,96,97,91,94,93,97,98,91,90,94,95,95,92,92,94,95,95,93,95,96,94,93,94
247,246,246,247,247,247,247,247,247,247,247,247,247,247,247,247,248,247,247,247,247,247,247,247,247,247
13,12,11,10,11,9,13,13,9,10,8,13,14,10,11,8,11,13,10,12,10,11,11,10,12,14
116,97,69,43,17,53,33,24,15,11,18,13,9,10,7,9,9,7,7,9,9,8,11,9,9,9
100,104,107,106,106,86,89,98,104,105,87,86,88,91,94,96,95,92,88,86,102,103,103,97,91,88
115,126,137,136,140,109,121,135,134,132,116,128,137,131,128,123,130,136,130,125,127,129,133,132,127,137
85,90,88,71,50,81,90,91,62,44,88,94,89,69,42,90,96,93,75,43,93,96,96,81,43,89
224,226,225,218,212,227,230,229,223,219,224,227,229,226,224,218,223,227,226,225,217,221,227,226,225,229
129,129,129,129,129,129,129,129,128,128,129,130,130,129,129,129,130,130,130,131,129,129,130,130,131,130
203,205,207,208,209,202,205,207,208,208,201,204,206,207,207,200,203,205,207,207,198,202,204,205,206,208
159,159,159,159,159,160,160,159,159,159,159,159,159,159,159,159,159,159,159,159,159,159,159,159,159,159
36,35,35,35,35,36,35,35,35,35,35,35,34,34,34,35,35,34,34,34,36,35,35,34,34,33
160,159,159,160,160,159,159,159,160,161,159,159,160,160,161,160,160,161,161,161,161,161,161,160,160,160
155,155,154,154,154,155,155,154,154,154,155,155,154,154,154,155,155,155,155,154,155,156,156,156,155,153
131,138,141,143,143,131,137,141,142,143,131,137,141,142,143,132,137,141,142,143,132,137,141,143,143,141
154,154,153,153,153,154,154,153,152,152,154,154,153,152,152,154,154,153,152,151,153,153,153,152,151,153
90,90,90,90,90,91,90,90,90,91,92,91,90,90,91,92,91,90,89,90,91,90,89,88,88,90
234,234,235,237,239,235,235,236,238,240,237,237,239,240,240,239,240,240,241,240,240,240,241,241,240,239
152,153,153,153,153,152,153,153,153,153,153,153,153,153,153,153,153,154,154,154,152,152,153,154,154,153
97,99,103,103,104,99,99,101,102,105,103,100,104,107,112,108,107,107,107,107,108,110,106,101,101,100
34,36,32,38,30,34,37,30,34,26,27,27,30,34,32,25,26,31,33,30,26,29,29,27,25,29
147,149,152,152,146,149,150,148,152,146,149,149,149,148,143,149,150,146,145,142,149,144,145,146,144,149
89,93,96,95,92,88,96,93,91,91,85,87,89,87,94,85,86,88,92,93,86,87,84,86,93,88
206,208,205,205,202,204,208,204,208,206,206,204,205,206,205,205,206,203,203,205,207,206,203,205,206,202
10,7,7,5,4,7,6,9,8,6,9,7,6,7,4,10,8,9,6,4,10,6,9,6,6,6
124,122,123,124,119,124,118,115,120,123,123,120,122,125,126,121,124,124,129,129,124,126,123,128,131,119
121,124,127,130,127,119,119,126,131,126,123,123,124,125,128,128,123,123,125,125,126,125,121,121,122,120
92,94,91,95,94,92,94,96,101,92,88,94,101,102,97,93,96,97,98,103,101,96,97,103,103,97
172,170,169,170,168,167,165,168,170,165,165,169,169,169,168,165,166,173,169,170,167,169,168,170,169,169
16,15,15,12,12,17,14,15,13,14,13,16,13,13,12,16,13,11,13,12,17,12,13,12,14,11
16,16,17,18,18,17,17,17,18,17,16,17,17,16,17,16,17,17,17,17,16,17,17,17,18,34
16,16,16,15,15,16,16,15,16,16,15,15,15,15,15,15,16,16,15,15,16,16,16,16,16,31
53,53,53,55,58,59,58,59,60,62,65,64,64,65,65,67,67,67,68,65,69,68,68,68,67,129
29,28,26,25,25,29,28,26,25,24,27,27,25,24,23,25,26,25,23,22,24,25,25,23,22,51
93,93,93,93,93,93,93,94,94,94,87,89,91,92,93,53,58,66,74,80,26,28,30,34,39,182
98,98,98,97,97,98,99,99,98,98,99,99,99,98,98,99,99,98,97,97,100,100,99,98,97,198
48,48,48,46,41,47,44,44,46,45,46,44,42,45,47,46,47,46,46,47,46,47,46,46,44,85
74,74,73,72,73,74,74,74,73,73,74,75,74,74,74,74,75,74,73,74,74,74,74,73,73,149
42,45,45,44,43,44,45,44,44,44,47,47,44,44,45,45,45,44,44,44,43,43,43,43,42,89
50,50,50,50,50,50,48,48,48,49,50,48,47,48,48,50,49,48,49,49,49,49,48,50,49,95
62,60,61,63,65,60,60,63,65,64,62,62,65,65,62,66,65,66,65,63,65,66,66,66,65,130
168,141,157,160,166,160,122,161,174,173,151,80,88,142,166,119,85,53,51,81,69,88,81,31,19,85
205,201,193,179,137,206,199,194,164,109,196,198,174,121,97,194,196,159,99,94,194,201,149,94,92,172
137,150,154,162,170,187,183,180,182,178,186,182,178,171,169,177,171,161,167,141,177,150,146,165,119,175
28,57,98,115,115,25,29,32,56,78,38,25,12,16,25,42,25,12,10,14,43,27,14,13,15,12
214,215,216,206,203,215,218,209,197,193,203,210,212,184,175,171,195,194,153,117,159,178,155,94,75,208
189,186,111,26,21,187,186,155,69,15,125,110,153,144,39,87,77,159,196,54,147,137,189,199,117,150
222,228,226,233,231,221,229,225,232,228,211,227,226,224,224,204,219,223,219,218,206,219,221,216,208,226
179,184,174,158,89,186,177,179,149,97,180,165,140,104,90,105,98,80,70,75,51,87,90,73,77,138
57,54,52,54,51,56,56,51,51,53,53,57,56,60,57,31,34,42,50,52,9,10,11,11,15,56
126,133,131,60,27,115,122,109,53,31,101,106,87,42,32,94,88,69,41,39,69,66,55,35,31,87
145,188,194,188,181,189,196,192,182,120,195,186,184,143,87,186,173,170,151,126,185,137,137,167,171,183
115,117,118,115,111,107,106,108,109,106,94,90,93,99,100,80,75,78,86,93,74,68,70,79,88,96
144,144,144,144,144,144,144,144,144,144,144,144,144,144,144,144,144,144,144,144,144,144,144,144,144,143
86,80,72,64,57,86,78,70,64,59,82,78,75,73,73,86,89,93,96,99,100,110,118,122,124,40
189,189,189,188,189,190,189,189,189,189,190,190,189,189,189,189,189,189,189,189,189,188,188,189,189,191
121,127,120,105,88,109,115,111,99,82,95,101,101,93,80,85,89,91,86,79,80,80,78,76,76,120
155,155,155,155,155,154,155,155,155,155,154,155,155,155,155,155,155,155,155,155,155,155,155,155,155,154
218,218,218,218,218,218,218,218,218,218,218,218,218,218,218,217,217,217,218,218,217,217,217,218,218,218
184,185,185,185,185,184,185,185,185,185,185,185,185,185,185,185,185,185,185,185,185,185,185,185,185,185
79,82,85,87,88,99,102,103,103,103,114,116,116,115,113,116,115,115,114,113,101,99,99,100,102,137
67,71,85,106,125,63,75,94,114,127,61,76,97,115,124,56,71,91,109,116,48,62,80,97,104,133
70,75,81,84,85,69,74,79,83,84,71,75,80,84,85,75,79,84,87,86,80,85,90,92,89,84
115,117,120,121,120,114,116,120,120,119,118,118,119,118,117,122,122,121,118,115,120,121,121,118,113,121
98,97,96,97,97,94,95,94,94,95,84,86,87,88,90,74,76,78,80,81,69,70,71,73,74,88
64,63,61,58,57,61,60,60,58,56,58,58,59,57,55,59,59,58,56,55,60,59,57,55,55,60
66,68,73,73,70,63,64,69,70,69,63,64,68,69,68,63,65,69,69,68,64,65,67,68,68,70
129,129,131,131,129,129,128,130,132,131,129,130,131,132,132,132,133,133,133,132,133,133,132,133,133,129
148,148,148,149,149,149,149,149,149,149,150,150,149,148,149,150,150,149,148,148,148,148,149,148,148,149
106,108,109,109,108,106,108,109,110,109,107,108,108,109,110,106,107,107,107,107,105,106,105,104,104,108
113,113,114,116,118,114,113,114,117,119,115,114,114,116,119,116,115,115,117,120,116,116,117,119,121,112
47,43,42,48,54,42,40,43,50,56,43,39,42,51,55,44,39,42,51,56,38,38,43,54,59,41
177,178,178,177,177,177,177,177,177,177,177,177,177,177,177,177,177,177,177,177,176,177,177,177,176,177
102,102,101,100,100,101,101,100,100,99,100,100,100,100,100,98,99,101,101,102,97,99,101,101,101,101
42,47,51,59,63,41,45,48,56,57,46,45,49,52,53,50,52,53,56,56,58,58,58,59,59,46
69,67,61,61,61,71,66,61,59,58,65,67,65,60,58,67,65,65,64,62,64,64,65,65,61,62
71,66,65,63,66,77,74,67,70,69,76,75,72,69,69,75,74,72,71,68,77,72,71,72,70,69
103,106,109,112,115,106,108,112,111,118,105,104,109,109,112,96,98,98,105,109,95,92,94,94,99,105
207,208,206,204,208,207,209,205,204,207,205,207,207,205,204,205,206,204,204,208,207,205,208,208,204,205
57,60,64,68,68,58,56,57,61,64,53,53,51,54,53,51,51,48,47,44,51,47,47,45,41,51
128,128,125,127,123,130,126,126,124,126,124,127,128,128,127,128,129,126,130,127,127,128,132,129,128,124
67,68,67,68,68,65,67,68,64,69,63,63,63,60,65,59,56,58,61,60,61,59,56,56,60,59
211,214,214,214,212,214,213,213,213,214,214,210,212,214,212,211,211,213,214,211,214,213,209,210,215,211
50,66,80,87,82,55,66,78,84,83,58,71,78,81,80,62,67,72,77,78,66,65,67,73,72,77
118,119,125,127,126,118,124,122,127,129,118,122,120,127,128,121,121,121,125,126,123,121,124,121,122,120
33,33,32,33,34,35,34,34,35,35,33,33,34,35,36,30,30,32,35,36,26,27,32,36,37,34
195,195,195,195,194,195,195,195,195,195,194,194,195,195,194,193,193,193,193,193,192,192,192,192,192,196
64,49,36,29,26,71,60,45,33,26,73,69,57,40,28,75,77,67,49,32,77,81,75,59,40,59
202,202,202,201,202,202,202,201,202,202,202,202,201,201,202,202,202,201,202,202,202,202,202,202,202,201
196,196,196,196,196,196,196,196,195,195,196,196,196,195,195,196,195,195,195,194,195,194,194,194,194,196
224,223,223,223,223,224,224,223,223,223,224,224,223,222,222,223,223,222,222,222,223,222,222,222,222,223
9,10,10,11,11,9,10,10,10,10,9,9,9,9,9,9,9,9,9,9,9,9,9,9,9,9
54,51,49,50,53,48,45,44,45,47,45,44,44,45,45,47,47,47,48,47,54,54,54,54,53,43
71,67,66,68,72,68,65,63,65,69,66,64,63,65,67,64,65,66,68,67,61,66,71,73,71,62
53,60,59,53,44,44,51,52,48,39,31,36,38,37,31,21,24,26,26,25,19,18,20,22,23,38
195,195,195,195,194,195,194,194,194,194,194,194,194,194,194,194,194,194,194,195,194,194,194,194,195,194
149,150,150,150,153,153,153,149,151,152,150,153,150,148,151,151,150,148,150,148,152,148,148,148,147,149
54,55,53,57,57,56,52,52,56,53,53,52,56,56,55,54,54,55,56,53,55,57,56,56,57,52
210,212,214,214,215,211,213,211,212,214,213,211,212,211,212,211,213,211,212,214,214,213,214,214,212,211
143,143,143,147,143,143,141,144,145,144,142,145,145,142,142,142,141,141,139,139,142,143,140,143,143,141
179,180,179,178,177,177,177,178,175,174,179,178,175,176,177,175,176,177,177,175,177,178,176,178,175,173
204,207,206,205,207,207,207,206,208,206,207,205,208,207,206,203,203,205,205,207,204,207,207,207,205,204
78,79,83,82,87,81,80,81,83,85,81,83,84,81,80,84,85,81,78,76,81,79,81,78,78,81
154,153,154,155,151,151,154,154,155,156,153,151,156,156,155,153,154,153,155,154,156,154,155,154,152,152
148,146,146,145,145,147,148,147,147,146,151,152,150,147,145,148,150,148,148,144,149,148,148,150,147,147
103,103,100,98,98,102,103,98,101,99,101,99,102,102,102,98,100,98,99,104,98,97,101,101,103,98
84,87,87,87,85,84,87,85,88,85,85,86,83,87,86,83,85,85,83,87,87,84,84,85,86,82
85,86,86,86,86,85,86,86,86,86,85,86,86,86,86,85,86,86,86,86,85,86,86,86,86,173
105,105,105,105,105,106,106,105,105,105,106,106,106,106,106,106,106,106,106,106,106,106,106,106,106,212
78,78,79,80,80,77,78,79,80,80,78,79,79,80,80,79,79,80,80,79,80,80,80,80,79,159
82,82,83,83,83,82,82,83,84,84,82,82,83,84,84,82,82,83,84,85,82,82,83,84,84,166
75,75,75,75,74,74,74,75,75,75,73,73,74,75,75,73,73,73,74,75,72,72,72,74,75,148
54,52,52,53,54,53,52,52,52,53,52,51,51,52,56,51,51,52,54,61,50,51,53,58,68,103
85,85,85,85,85,86,86,86,86,86,86,86,86,86,86,86,86,86,86,86,85,85,85,85,85,172
77,75,74,74,75,76,75,74,74,74,76,75,75,74,74,75,75,75,75,74,75,75,75,76,76,150
77,76,76,75,75,76,75,75,75,75,75,75,75,75,75,75,75,74,74,74,76,75,75,75,74,150
81,81,80,80,80,82,82,81,81,81,83,83,82,82,82,84,83,83,83,83,83,84,84,84,83,164
98,98,98,98,98,97,97,98,98,98,97,97,97,98,98,97,97,97,97,98,97,97,97,97,97,195
230,230,229,229,229,230,230,230,229,229,230,230,230,230,230,230,230,230,230,230,230,230,230,230,229,230
111,111,111,108,103,109,109,108,104,98,104,103,101,98,92,100,98,96,92,87,99,96,93,90,85,101
184,186,188,189,190,184,186,188,190,191,185,187,188,190,191,185,187,189,190,191,186,188,189,190,191,188
45,43,43,44,43,41,42,44,44,43,40,42,44,43,41,41,42,43,42,40,41,40,40,39,38,45
169,168,168,169,170,169,168,168,169,170,169,169,169,169,170,170,169,169,170,170,169,169,169,170,170,168
193,193,192,191,191,193,192,192,191,190,193,193,192,191,190,193,193,193,191,190,193,194,193,192,190,192
130,125,121,121,123,120,115,112,113,116,108,105,105,107,111,98,98,100,103,105,94,95,98,100,101,99
165,165,165,165,165,165,165,165,166,165,165,165,165,166,165,165,165,166,166,165,165,165,166,166,165,166
28,34,50,71,87,45,47,59,81,102,75,73,82,99,118,100,97,102,114,126,101,98,103,112,119,75
225,224,222,220,219,225,224,222,220,219,225,224,222,220,219,225,223,222,220,219,225,223,222,220,219,222
33,30,28,30,34,32,30,28,28,30,31,30,28,27,27,30,30,29,27,27,30,30,30,30,30,28
46,40,41,47,54,59,57,54,54,53,74,72,62,61,57,87,81,72,64,59,85,84,77,69,58,62
148,146,148,152,151,150,145,149,147,149,148,145,144,147,151,151,148,149,148,148,150,151,149,145,148,144
240,238,241,238,241,240,240,241,239,239,242,240,238,240,239,238,242,238,239,240,241,239,238,239,240,238
143,140,137,135,137,139,139,136,134,135,139,139,139,135,138,138,139,136,137,137,135,136,138,140,138,135
125,132,134,138,138,119,131,133,135,134,115,126,129,129,129,120,125,125,125,127,120,126,129,126,121,128
100,100,100,101,101,100,99,99,101,101,100,100,103,103,105,96,98,103,104,108,98,103,103,105,108,100
213,214,212,212,214,213,213,213,212,215,212,211,212,214,211,215,213,214,212,215,214,214,213,214,214,211
45,43,50,60,62,34,38,42,49,44,34,37,45,47,41,39,44,51,51,41,46,51,55,59,56,42
87,84,87,83,83,73,77,79,73,72,68,70,71,70,64,61,62,63,66,57,62,59,59,58,53,69
158,158,160,160,159,161,158,161,158,161,160,159,158,160,158,159,160,158,161,158,161,159,160,159,161,157
53,56,58,60,59,51,54,50,48,52,47,45,43,37,37,45,37,34,29,32,55,46,38,28,26,39
152,152,153,153,153,151,152,153,153,153,151,152,152,152,152,150,150,151,151,151,149,149,149,149,150,153
150,151,151,151,151,149,149,150,150,149,148,148,148,148,148,147,146,146,146,146,146,145,145,145,145,148
134,135,135,135,134,134,135,135,135,134,134,135,135,135,134,134,134,134,134,134,133,134,134,134,134,135
114,116,117,117,115,108,110,112,113,112,102,105,107,109,108,98,101,103,104,103,97,99,100,100,99,109
144,143,143,143,143,143,143,142,142,143,144,143,142,142,142,144,143,142,142,142,143,143,143,142,142,142
121,120,119,120,121,121,120,120,120,121,122,120,120,120,120,122,120,120,119,120,122,120,120,119,120,119
69,69,68,67,66,70,69,68,67,66,70,69,68,67,67,69,69,68,68,67,69,68,68,68,67,69
151,152,153,155,156,151,152,153,155,156,151,152,153,154,155,150,151,152,154,155,149,150,152,153,154,154
143,142,142,141,142,142,142,141,141,142,142,142,141,141,142,142,142,142,142,142,143,142,142,142,142,141
66,66,66,66,67,67,67,67,67,68,68,68,68,68,69,69,68,69,69,69,68,68,69,69,69,69
121,120,120,120,120,120,120,120,121,121,122,122,123,124,124,126,127,128,129,129,131,132,134,135,135,118
161,162,163,163,162,163,163,163,162,161,165,164,163,162,161,164,164,163,163,162,163,163,163,162,162,164
161,164,166,165,162,163,164,166,166,164,165,166,166,166,165,166,166,166,166,166,166,167,167,166,165,167
191,191,190,190,190,192,191,190,189,189,192,191,190,189,189,193,191,190,190,190,192,192,192,191,190,189
118,119,121,122,120,120,121,122,122,120,122,122,121,120,120,120,120,118,118,120,118,118,117,119,122,119
183,182,184,186,188,180,181,182,185,187,180,181,183,185,186,183,183,184,185,185,187,186,185,186,184,182
91,92,90,86,83,90,92,93,90,86,89,91,94,93,87,90,93,96,94,87,91,95,96,93,88,96
58,59,61,61,59,59,61,63,63,62,58,60,63,63,64,57,59,60,61,63,58,60,61,61,62,65
75,76,78,82,85,76,77,78,81,83,84,83,80,79,80,91,89,84,81,81,93,91,88,87,88,79
105,105,106,104,100,104,104,104,102,100,104,103,102,102,100,104,104,104,104,101,104,105,106,104,101,100
116,115,116,115,115,116,116,116,115,114,115,115,115,115,114,114,114,114,114,114,113,113,113,113,114,115
118,116,114,113,113,116,114,111,110,111,113,112,110,109,110,112,111,110,109,111,113,111,110,111,113,109
81,82,82,83,83,82,84,84,83,81,82,82,82,81,81,77,76,76,76,76,72,73,73,72,71,165
117,81,74,88,49,117,80,75,86,45,117,78,75,84,42,115,78,76,81,40,115,78,75,80,38,151
82,83,82,85,84,81,82,82,84,84,83,83,83,84,84,86,83,84,83,83,86,84,82,84,84,166
64,63,63,66,70,63,63,62,62,64,59,59,57,55,55,52,51,50,50,48,46,46,45,45,44,114
71,69,71,72,72,72,70,73,72,72,72,70,72,70,72,71,70,71,70,70,71,71,71,70,69,145
72,72,72,71,70,70,72,72,69,69,70,71,70,69,70,71,69,68,70,72,71,70,70,69,69,141
12,13,13,13,12,12,13,13,13,13,12,13,13,12,13,13,13,12,12,12,13,14,13,12,13,26
82,81,81,81,81,82,81,80,81,82,81,81,82,81,82,82,82,81,81,82,81,81,81,82,80,164
75,74,75,75,74,72,71,73,74,72,74,72,73,73,74,77,75,74,73,78,75,73,72,75,77,146
74,75,77,75,73,74,76,76,75,74,75,76,76,75,76,75,76,78,76,77,74,75,78,76,75,153
20,19,22,23,21,21,22,23,22,20,19,23,21,19,19,17,22,19,17,20,17,21,20,20,21,43
192,193,193,192,192,192,193,194,194,194,192,193,194,194,193,192,192,193,193,193,193,192,193,193,194,194
179,178,177,177,177,178,178,177,177,178,178,178,177,177,178,178,177,177,177,177,177,176,176,177,177,177
31,33,47,52,39,31,31,40,42,31,32,30,32,31,26,36,32,29,26,25,41,36,28,25,27,30
171,166,164,162,161,173,170,168,167,165,173,172,173,172,171,172,173,174,175,175,167,169,171,172,173,174
179,179,179,179,178,179,179,179,179,178,179,179,179,179,179,179,179,179,179,179,179,179,179,179,179,179
158,151,144,141,142,151,141,133,135,143,140,133,128,135,146,133,135,136,141,147,142,151,154,153,150,120
166,157,134,113,113,132,123,106,98,120,78,79,77,83,115,60,81,93,90,106,73,117,136,112,94,56
224,224,224,224,224,222,223,223,224,224,222,222,223,223,223,223,222,222,222,223,223,223,223,223,223,222
156,146,129,114,109,146,152,149,140,134,126,139,151,159,160,116,124,140,160,167,116,125,140,159,162,159
162,175,175,169,156,170,174,169,163,150,163,161,156,153,144,155,151,149,150,144,147,149,154,158,150,149
84,85,92,96,90,85,86,93,95,88,89,86,88,89,86,93,85,83,84,85,93,86,83,84,86,91
35,46,45,37,42,43,37,36,37,39,45,37,36,33,34,47,41,32,32,34,43,37,34,38,35,33
74,72,64,56,63,86,81,77,75,55,79,83,82,87,72,69,70,77,81,79,51,48,54,58,58,82
20,21,19,21,16,22,23,18,19,16,18,20,20,14,14,18,16,15,15,14,22,19,17,19,20,16
140,144,144,141,139,146,144,146,134,139,134,134,131,135,139,110,117,116,125,130,77,91,102,112,126,127
120,125,127,126,125,89,107,110,115,112,52,56,53,64,69,54,48,52,52,48,57,53,59,56,56,53
105,81,58,65,64,97,90,63,60,60,95,96,88,84,72,80,90,87,87,79,53,47,49,53,53,86
75,62,60,60,56,81,72,61,71,79,71,70,72,97,97,66,69,76,68,55,62,52,62,61,47,72
48,50,52,46,46,45,50,55,44,52,55,55,55,44,46,56,60,54,53,51,48,52,58,59,54,52
26,22,24,22,19,23,30,36,29,28,23,34,29,28,27,33,35,24,21,15,32,35,32,29,26,28
178,178,178,178,178,179,179,179,174,176,178,178,180,175,176,176,177,175,176,177,173,177,175,175,174,176
27,25,24,19,21,26,20,21,20,24,22,20,18,22,22,25,22,21,25,25,25,25,26,26,25,18
93,93,93,93,92,93,93,92,92,92,93,93,92,92,92,93,93,92,92,92,93,93,93,93,93,185
43,23,19,19,13,37,15,15,16,18,30,13,10,15,17,27,14,18,21,24,26,20,24,29,28,21
6,6,6,6,6,6,6,6,6,6,6,6,6,6,6,5,5,5,6,6,5,5,5,6,6,12
72,78,79,81,79,78,77,77,76,74,64,63,68,66,67,57,59,60,63,64,69,67,66,65,64,136
34,35,34,34,33,32,33,34,33,31,27,26,28,28,30,21,21,23,26,29,21,22,23,28,32,56
70,71,71,71,71,71,71,71,71,71,70,71,71,71,71,70,71,71,71,71,69,70,71,71,71,142
35,40,45,46,50,45,48,50,51,53,46,49,55,54,54,49,51,56,56,55,35,43,54,56,56,110
6,5,6,7,8,6,6,6,7,7,5,6,6,7,7,6,6,6,7,7,7,6,6,6,7,13
13,13,15,14,13,15,15,15,15,15,14,15,16,16,16,15,16,17,17,16,11,15,16,17,16,32
108,108,108,108,107,108,108,108,108,108,108,107,107,108,108,108,107,107,108,108,108,107,107,108,108,215
84,85,85,85,84,84,84,85,85,85,84,84,84,85,84,83,83,84,84,83,83,83,83,83,83,169
174,174,173,173,172,173,172,172,171,171,171,170,170,170,170,169,168,168,168,168,167,167,166,166,167,170
153,146,144,146,151,165,157,152,152,156,178,169,161,158,161,184,177,168,162,162,181,177,169,161,160,154
149,149,149,150,149,150,150,150,150,149,151,151,151,150,150,151,152,152,151,151,151,152,152,151,151,151
93,92,92,91,91,91,91,90,90,90,89,89,89,89,89,88,88,88,88,89,87,87,88,88,89,87
118,121,123,125,127,117,120,123,126,129,113,116,119,123,127,110,111,114,118,123,108,108,110,113,119,124
36,36,36,36,36,35,35,36,36,36,36,35,35,36,36,36,36,36,36,36,36,36,36,36,37,34
56,69,83,97,106,47,56,68,81,92,41,47,56,69,80,48,52,60,71,82,71,75,81,90,100,28
93,93,93,92,91,87,87,86,85,84,85,84,83,80,78,85,84,82,78,75,85,85,82,78,75,85
153,152,151,150,149,153,152,152,151,149,154,153,152,151,149,154,153,152,151,149,154,153,153,152,150,151
80,82,87,95,99,79,81,86,93,97,79,81,86,92,95,81,83,88,92,92,84,87,91,93,90,79
42,40,39,39,40,41,40,39,39,40,40,40,40,41,42,41,42,43,44,44,44,46,47,47,48,38
179,179,179,179,178,178,178,179,178,178,179,179,179,178,179,180,181,181,179,180,180,180,181,179,180,179
201,204,201,202,201,198,204,201,199,201,199,203,203,201,203,204,204,204,205,205,205,204,202,204,204,203
45,45,40,41,39,39,42,46,43,36,35,37,42,39,38,34,35,37,33,36,35,42,43,38,34,42
185,189,185,189,184,190,183,182,182,178,191,188,186,184,185,255,190,189,186,190,189,188,189,186,189,186
196,199,199,199,202,197,199,200,200,199,199,200,199,200,196,202,202,198,200,201,202,202,196,199,199,199
204,208,204,201,201,199,204,201,201,202,201,204,204,207,205,203,201,203,212,209,204,198,200,211,210,204
204,214,214,200,199,195,206,206,203,204,198,196,209,205,203,206,208,209,205,203,210,207,204,203,207,209
204,207,203,207,205,201,204,204,207,206,202,204,205,205,206,205,205,207,203,205,204,206,206,203,201,205
199,202,199,195,198,200,202,200,197,201,202,201,201,200,202,199,200,200,199,200,197,198,199,198,197,201
117,119,119,118,119,112,114,115,115,120,109,110,113,114,113,109,111,111,110,108,112,113,107,113,116,113
105,110,113,117,115,65,70,76,88,89,59,59,60,62,64,63,61,58,58,57,70,69,71,67,64,60
91,94,90,82,84,100,102,95,89,93,103,103,93,89,98,96,96,84,85,97,82,83,75,81,93,93
232,233,234,234,235,232,233,233,233,233,233,234,234,233,232,233,234,235,234,233,233,234,234,233,233,234
95,91,90,87,80,93,91,93,94,91,94,93,94,94,90,95,94,94,90,83,91,91,93,93,89,94
30,28,21,22,22,34,38,31,33,31,35,41,42,41,41,27,36,41,42,42,20,24,33,40,43,42
65,60,67,72,69,68,68,68,65,55,70,69,69,63,58,70,60,72,70,70,72,64,64,66,71,69
93,72,68,70,73,91,86,80,70,65,79,84,84,78,60,80,60,53,71,51,90,58,33,48,24,84
13,12,10,9,10,11,10,10,10,11,9,9,12,12,12,11,7,11,13,11,9,4,7,14,11,12
203,203,204,203,202,202,202,202,202,201,202,202,202,203,202,203,202,203,205,203,202,202,203,204,202,202
70,72,73,74,77,67,70,73,74,70,67,67,69,70,67,68,67,67,68,70,68,68,67,69,70,69
239,239,238,238,239,238,239,239,238,239,239,240,239,239,239,240,240,240,239,239,239,239,239,239,239,239
45,47,49,45,41,47,44,43,46,46,62,55,48,52,50,63,66,66,67,65,65,75,83,83,81,48
34,128,143,111,31,115,137,112,40,21,143,125,49,29,29,135,56,24,29,29,74,20,29,29,32,46
156,157,138,93,66,129,122,124,96,77,102,104,103,117,113,104,103,105,119,117,128,136,126,106,107,99
99,115,115,102,79,109,142,145,120,77,129,146,146,127,90,142,147,138,116,101,138,147,128,109,111,146
123,134,132,116,114,101,114,129,130,112,63,80,118,124,114,42,43,82,115,112,40,36,63,105,119,118
102,102,99,87,81,100,100,92,91,83,88,76,74,82,83,77,71,68,80,80,87,71,67,68,90,70
64,67,60,23,18,68,69,51,22,21,73,65,35,19,23,67,53,34,22,25,51,43,37,28,26,35
204,226,222,223,220,216,228,224,228,218,224,230,221,230,217,224,227,230,218,217,221,227,226,224,213,221
175,177,177,178,184,172,177,175,176,159,170,161,154,130,83,116,89,82,70,60,87,67,64,68,70,154
53,47,49,47,51,41,54,53,56,59,41,50,61,63,59,39,42,56,60,58,48,36,42,52,57,60
216,206,207,206,205,219,223,212,211,207,224,219,205,197,194,185,162,138,128,131,92,84,84,95,120,203
184,174,150,155,162,203,186,160,149,167,212,202,195,159,192,214,205,206,199,200,196,196,204,209,210,192
233,230,233,233,233,232,232,232,230,233,233,233,228,234,235,231,230,228,230,232,233,232,230,232,232,227
56,58,62,68,81,43,37,43,46,43,52,51,47,56,46,78,81,82,83,62,71,94,95,86,92,46
231,233,232,234,231,232,233,230,233,233,233,232,233,230,233,231,230,230,230,231,232,234,234,229,229,229
191,191,193,194,192,196,196,194,194,193,196,198,197,196,194,199,197,199,197,193,199,202,199,196,199,193
172,174,174,174,173,176,176,175,173,175,175,172,177,176,176,175,172,174,177,175,174,174,172,172,176,173
179,179,180,179,181,180,178,180,179,181,180,177,176,181,180,178,181,181,183,182,177,182,180,181,181,176
6,8,4,5,52,25,7,6,29,76,43,30,21,67,92,34,30,49,89,97,44,33,62,94,88,21
16,10,17,26,17,11,7,10,13,11,10,10,6,9,6,58,45,31,12,8,79,71,48,22,8,6
133,130,58,46,59,141,127,70,57,67,136,124,101,105,111,99,89,87,116,110,56,41,46,72,67,98
103,88,97,111,109,119,85,73,96,116,119,101,62,64,100,113,109,88,56,55,84,101,69,49,52,61
100,103,100,112,118,116,112,108,114,117,116,115,115,114,115,116,114,116,115,109,113,115,108,112,109,111
67,68,68,69,69,70,70,70,70,70,72,71,71,70,70,72,71,70,70,70,71,70,69,69,69,71
126,106,94,91,89,148,130,116,109,105,159,148,135,122,112,160,154,142,125,110,160,155,142,120,105,139
137,139,139,139,138,136,138,141,142,141,133,135,140,144,145,127,129,138,145,147,117,122,134,144,146,142
80,78,77,76,78,80,78,76,75,76,79,78,76,74,75,79,78,77,75,76,77,76,77,78,80,76
150,152,155,156,151,148,150,154,158,157,148,150,154,158,158,147,149,152,156,157,141,147,151,154,155,153
76,81,86,89,88,76,80,82,83,83,75,78,78,78,78,70,74,75,73,74,64,68,70,69,70,77
110,108,107,108,108,112,110,108,108,112,110,108,106,106,116,102,101,100,101,115,91,91,91,94,108,109
163,163,163,164,165,163,163,163,164,165,163,163,163,163,164,163,163,163,163,164,164,165,165,165,165,162
69,86,102,105,109,67,82,101,110,123,73,85,105,122,141,87,98,118,139,157,102,116,134,153,169,103
145,149,151,151,146,142,147,150,150,148,139,144,148,149,149,134,138,143,146,147,131,134,139,143,145,151
111,110,111,112,111,108,107,107,108,107,102,100,100,101,98,95,93,92,92,89,93,90,88,86,84,101
29,35,44,41,27,27,31,38,38,31,41,31,32,38,22,56,48,45,33,15,59,58,56,47,28,31
131,128,131,127,115,144,141,139,132,120,148,144,144,139,132,140,139,135,136,139,128,127,131,133,136,144
174,179,186,191,194,185,187,192,190,194,191,193,197,191,190,188,187,200,188,184,194,196,203,198,189,196
134,140,134,143,160,124,129,132,138,160,124,128,133,135,155,121,129,134,129,149,128,128,139,134,135,130
144,145,158,160,161,138,146,156,166,161,141,142,152,163,166,146,149,146,155,155,152,148,146,146,150,148
232,232,231,232,232,228,232,233,230,232,228,231,231,230,233,233,232,231,228,231,230,231,231,230,230,228
92,106,71,67,62,104,108,84,73,61,120,125,99,61,51,109,120,70,38,44,69,69,37,33,33,99
45,26,22,24,34,34,22,19,22,25,22,19,19,22,21,20,22,17,16,22,19,21,19,20,18,16
131,160,151,145,141,133,155,154,146,150,126,141,150,148,136,128,131,148,148,132,126,114,140,141,133,148
237,235,238,234,236,236,237,234,236,236,236,238,234,235,237,237,234,234,235,235,234,235,235,237,238,234
244,243,244,239,239,240,241,242,245,242,206,204,204,210,204,140,138,144,142,147,150,149,151,143,149,203
98,97,98,92,82,96,93,84,82,80,82,81,79,85,98,77,77,82,93,101,81,87,92,100,98,158
50,52,42,33,32,57,52,44,40,34,55,59,59,54,49,53,59,61,62,66,50,44,48,60,61,119
113,113,114,113,113,113,113,113,113,113,113,114,114,113,113,113,113,114,114,114,113,113,113,113,114,228
86,85,85,88,89,88,87,89,88,88,86,86,89,87,89,85,85,88,87,90,86,86,89,87,90,179
77,78,82,83,79,65,68,81,82,81,63,66,77,81,82,65,66,66,73,73,65,64,64,68,70,154
82,85,77,68,65,82,82,81,82,83,81,83,84,82,79,64,73,84,81,69,54,58,66,73,67,168
79,75,75,80,84,79,77,76,75,77,81,80,77,74,75,81,82,80,74,73,80,82,81,75,74,154
67,69,69,71,74,68,68,68,69,71,69,69,69,65,64,68,67,69,68,65,66,66,67,67,65,139
98,99,102,99,100,98,101,101,99,101,97,102,101,100,100,96,101,101,101,99,96,99,102,102,101,202
70,68,69,68,71,68,67,68,67,64,85,82,73,66,64,96,98,96,90,75,97,96,98,98,93,147
115,115,115,115,115,115,115,115,115,115,115,115,115,115,115,116,115,114,115,115,115,115,115,115,115,230
81,84,90,90,86,83,80,85,92,90,84,79,79,86,90,81,78,77,80,86,78,77,78,77,80,159
51,64,37,36,43,58,64,40,33,37,55,64,37,31,37,44,67,55,45,45,39,66,74,73,60,74
80,79,76,75,69,69,68,69,72,72,51,51,50,59,70,45,45,38,48,56,52,45,38,45,44,100
115,115,115,115,115,115,115,114,114,114,115,115,115,114,114,115,115,115,114,115,115,115,115,114,115,230
60,28,28,25,27,57,31,40,37,34,52,35,41,43,38,47,37,36,43,38,45,37,36,45,42,83
54,53,52,53,55,52,52,53,56,55,56,56,53,53,56,61,60,55,53,54,57,56,53,53,51,107
114,111,113,112,111,115,117,119,113,110,121,119,119,117,113,121,119,116,114,115,110,111,111,109,110,238
73,73,73,72,75,71,61,61,64,71,69,59,54,59,64,64,65,61,55,48,57,66,61,45,34,109
96,95,94,95,95,96,95,93,93,93,98,96,92,92,92,97,96,95,96,94,93,95,95,98,95,185
115,115,115,115,115,114,114,115,115,114,114,115,115,115,114,115,115,115,115,114,115,115,115,114,114,231
67,45,46,82,83,65,50,47,82,84,65,54,49,72,84,65,65,49,54,81,65,64,48,40,62,98
137,131,137,149,153,147,142,142,146,150,142,138,135,138,148,145,135,126,128,144,167,147,124,118,134,136
162,163,164,164,164,164,165,165,165,165,167,167,167,167,168,167,167,168,169,170,168,168,169,171,172,168
130,128,127,125,122,127,125,127,126,123,124,122,124,124,122,122,119,119,119,118,118,116,114,114,115,126
244,248,252,254,254,245,248,252,254,254,246,249,253,254,254,247,251,253,254,253,248,252,253,253,253,254
191,191,190,190,191,191,190,190,190,191,191,190,190,191,191,191,191,191,191,191,191,191,191,191,191,190
140,140,134,131,130,146,152,151,152,152,150,161,168,179,185,148,156,166,180,193,143,147,150,158,171,175
48,47,48,47,46,49,49,49,48,47,48,49,49,48,47,46,47,47,47,47,46,46,46,47,47,49
73,76,77,80,86,82,86,89,92,97,83,87,91,94,98,80,82,86,90,96,77,78,81,88,94,93
88,118,153,169,176,129,144,161,172,178,167,163,161,167,175,172,168,167,171,174,159,157,160,166,168,138
223,222,220,218,216,217,223,222,220,218,202,221,223,222,219,174,210,223,223,221,139,184,215,224,223,224
161,161,160,159,159,160,160,161,161,160,160,160,161,161,159,161,162,161,158,147,162,162,158,145,123,163
44,41,40,48,49,37,42,41,47,54,51,42,42,50,51,76,47,62,88,86,93,85,95,109,115,42
167,169,173,171,166,168,171,171,170,167,170,170,168,169,170,171,170,170,171,171,173,168,170,167,170,167
237,242,243,238,235,241,238,241,239,242,238,241,240,242,239,239,238,237,240,238,243,240,239,240,241,238
162,164,163,167,165,166,165,165,163,165,162,167,168,166,163,167,161,166,163,161,166,161,164,163,163,164
26,29,50,65,59,27,29,55,78,59,36,31,57,91,85,36,29,57,103,98,43,31,39,61,83,53
80,105,108,110,107,81,101,115,121,115,75,85,112,105,113,71,73,101,103,92,70,66,104,102,94,108
231,232,233,234,233,232,232,232,234,231,231,233,231,231,231,233,231,230,232,231,230,231,233,229,228,230
191,192,188,185,187,191,196,190,192,191,189,193,192,193,192,189,190,192,194,193,194,190,188,190,194,191
189,187,181,184,186,186,187,188,189,188,186,185,189,184,185,183,184,186,186,187,186,186,188,186,188,185
191,194,194,194,190,192,195,198,195,192,193,195,196,194,197,194,194,190,190,194,192,192,197,198,196,192
198,196,198,198,199,201,199,197,197,195,200,199,199,196,200,196,199,197,199,196,194,198,196,198,197,198
57,56,57,56,55,58,57,52,53,53,56,53,53,49,50,53,53,51,47,44,52,54,51,47,44,49
119,112,95,86,84,120,111,99,89,86,118,115,99,91,86,115,109,98,93,88,111,105,94,90,87,97
74,70,70,71,76,72,70,70,75,77,75,72,73,70,75,72,72,72,70,69,69,69,73,72,70,70
146,156,155,157,156,152,155,156,161,161,150,154,159,161,163,150,155,162,165,162,149,158,163,165,165,159
65,61,60,57,50,59,62,59,53,49,62,58,60,54,46,57,56,56,51,46,57,56,56,51,42,56
90,99,103,110,113,88,97,107,110,112,91,96,100,108,109,91,93,98,104,101,97,98,97,101,97,100
86,92,91,89,97,87,92,88,92,95,90,92,90,89,97,87,90,91,93,91,93,95,93,91,92,88
96,102,95,90,91,96,98,97,94,91,88,97,96,96,89,85,93,96,91,93,84,87,89,89,89,95
87,90,88,86,81,77,81,83,84,83,74,80,80,81,78,77,78,82,80,80,84,84,86,86,80,78
160,161,159,155,157,163,160,161,160,159,161,166,165,164,167,163,166,168,166,170,164,163,165,167,166,162
74,84,102,118,124,71,82,97,106,110,73,81,90,100,101,73,79,86,88,90,77,77,80,82,88,88
252,251,252,252,252,252,252,252,252,252,252,252,252,252,252,252,252,252,252,252,252,252,252,252,252,252
253,252,252,253,253,253,252,252,253,252,253,252,252,253,252,253,252,252,253,253,253,252,252,253,253,252
28,30,31,32,33,31,31,32,33,34,35,33,33,35,36,42,38,38,41,43,53,49,49,53,58,32
252,252,253,253,253,252,252,253,253,253,252,252,253,253,253,252,253,253,253,253,253,253,253,253,253,253
189,189,189,189,189,189,188,188,189,189,189,188,188,189,189,189,189,189,189,189,189,189,189,189,189,188
103,95,85,80,80,98,91,83,80,82,94,88,83,81,83,92,88,83,82,85,91,87,84,84,86,82
48,51,57,64,70,50,52,55,56,57,55,54,54,51,48,58,57,55,50,44,61,60,58,53,47,54
173,181,192,201,208,173,182,192,201,208,173,182,191,200,206,173,181,190,198,204,173,179,188,196,201,191
165,178,186,188,187,163,175,184,186,185,164,174,182,184,182,168,175,180,181,180,174,178,180,179,178,183
161,161,161,160,160,162,163,162,162,161,163,163,163,162,161,163,163,163,162,161,163,163,163,162,161,163
185,186,189,192,196,182,183,186,189,193,181,182,184,186,190,179,180,182,185,188,178,179,180,183,187,184
17,17,20,29,34,23,24,27,31,41,48,47,40,33,41,75,72,60,46,41,83,83,80,69,53,81
17,12,16,22,23,18,14,19,28,29,18,14,19,25,27,15,11,15,22,25,13,10,10,14,19,39
90,90,89,88,88,90,89,89,89,88,90,89,90,89,89,89,90,90,91,90,89,90,90,90,89,180
89,84,59,37,36,85,82,67,48,44,76,82,77,66,60,65,76,79,75,72,57,65,73,75,74,154
75,74,74,75,75,76,75,75,75,75,76,76,76,76,76,77,77,78,77,76,79,79,79,78,77,153
12,12,12,13,13,12,12,12,12,12,13,12,12,12,12,14,13,12,12,12,14,13,12,11,12,24
54,49,45,45,47,59,51,46,45,47,61,52,46,45,46,55,50,47,45,43,47,47,48,46,44,93
64,72,79,78,77,61,66,72,73,77,61,56,54,58,65,64,53,44,45,49,67,57,42,42,42,109
48,48,48,44,40,48,49,49,47,40,47,49,49,46,38,45,47,46,42,37,44,44,39,35,35,98
87,87,92,99,105,89,87,86,84,84,105,98,93,88,84,118,116,112,105,98,120,121,121,119,118,187
51,53,52,51,53,50,52,52,52,54,46,47,48,51,51,40,40,42,44,43,38,39,39,39,36,97
213,213,217,218,219,214,216,217,218,215,215,216,213,214,214,212,212,215,217,218,216,217,216,219,217,213
27,25,24,23,27,30,32,31,30,32,36,33,40,39,36,40,38,43,43,38,39,41,36,35,40,37
35,26,30,33,25,38,38,30,31,32,35,38,25,28,32,37,36,30,27,30,34,33,33,32,26,25
129,129,125,117,119,128,130,125,119,121,131,130,125,118,120,126,125,121,120,123,125,124,124,127,127,121
81,77,85,84,78,143,127,87,76,76,161,159,140,119,112,164,164,162,163,154,163,166,160,142,138,139
231,231,233,234,232,232,231,231,235,232,230,229,235,233,235,235,234,235,232,234,235,233,231,234,234,231
84,111,107,129,136,118,138,143,141,138,136,130,132,127,132,131,124,94,77,91,92,94,84,77,77,128
119,116,115,91,81,112,118,117,85,75,101,109,108,87,81,91,93,98,93,88,94,92,91,94,102,108
77,67,68,72,82,68,72,70,65,66,74,72,68,67,63,85,86,84,78,74,91,96,91,87,80,68
98,109,111,97,95,96,101,108,100,91,89,90,95,89,86,89,86,86,84,82,92,90,89,86,87,92
214,211,210,209,210,209,214,212,212,208,206,211,210,211,207,211,211,208,210,207,213,209,206,209,213,210
112,130,149,160,155,120,138,154,163,165,119,147,163,169,174,123,152,171,177,181,134,167,175,179,180,159
183,183,175,171,176,166,172,170,172,177,150,163,165,169,177,140,147,150,163,175,139,123,120,114,141,163
119,130,135,138,139,184,185,188,186,185,196,191,186,184,184,191,181,170,167,169,179,174,162,155,163,186
96,103,105,111,115,101,105,107,111,123,104,103,109,114,123,102,105,110,112,120,103,108,113,113,120,106
55,44,42,52,85,61,49,47,68,91,65,58,61,82,97,58,59,61,80,90,53,55,59,63,71,59
74,81,99,108,115,77,84,103,123,116,68,82,123,135,142,61,74,123,145,143,64,65,89,132,144,121
146,140,113,109,109,147,147,129,118,106,150,153,151,138,119,164,166,159,141,126,174,177,168,146,126,148
188,190,185,187,188,185,186,189,189,190,174,181,188,195,194,162,172,190,196,198,163,168,185,198,196,187
81,64,53,57,59,68,58,50,56,67,49,50,57,69,79,53,62,73,81,83,58,78,83,77,69,57
35,34,48,83,93,35,38,47,76,83,53,47,54,67,65,92,70,73,72,63,103,88,83,88,82,52
100,92,80,67,58,40,42,42,43,43,41,46,52,60,66,93,100,107,107,109,122,117,113,110,101,50
22,19,19,24,28,19,18,22,26,25,15,16,20,22,18,15,14,15,16,15,14,14,12,14,20,40
61,59,57,54,54,59,59,57,56,56,58,59,58,57,58,58,59,58,58,60,60,58,58,59,61,117
50,51,53,45,25,50,51,52,44,26,48,51,55,45,26,51,52,55,49,33,54,55,50,44,37,111
16,18,19,19,18,16,17,18,17,17,16,15,15,17,17,15,15,16,18,19,16,16,18,19,20,31
76,94,105,106,107,60,71,85,98,106,62,61,66,75,92,64,64,64,64,68,66,66,64,64,65,133
115,115,115,115,115,116,115,115,115,115,116,116,115,115,115,116,116,115,115,115,115,115,115,115,115,231
54,54,55,56,57,66,60,61,61,60,73,69,65,61,60,77,72,64,58,57,75,68,61,57,57,130
16,20,22,18,16,14,15,16,15,13,14,12,14,20,22,19,17,19,29,34,28,29,31,34,35,29
33,29,29,40,44,33,28,31,36,35,42,34,30,24,22,48,42,28,19,17,43,36,25,20,18,61
75,77,81,75,63,74,74,75,69,61,73,74,71,68,67,78,74,71,71,74,83,73,71,71,73,143
17,22,37,47,43,16,18,36,47,48,15,16,36,49,48,17,18,30,45,50,18,20,23,34,44,72
211,211,212,212,213,212,212,212,213,213,211,212,213,213,213,211,212,212,212,213,212,212,212,212,212,213
33,33,32,32,31,30,31,31,31,30,28,30,30,31,30,26,29,29,30,30,24,27,28,29,30,30
112,112,113,119,129,118,117,117,122,132,119,117,117,121,129,116,113,112,115,120,112,109,110,113,115,117
231,232,231,231,231,231,231,231,231,231,230,230,230,230,230,230,230,230,230,229,231,231,230,230,230,230
212,211,212,212,213,213,212,212,213,214,213,213,213,213,214,213,213,213,213,214,212,212,212,213,213,213
216,216,216,215,214,215,215,215,215,214,214,215,215,215,214,214,215,216,215,214,215,216,216,215,215,215
214,214,214,214,213,215,214,214,214,213,215,214,214,214,214,215,214,214,214,214,214,214,214,214,213,214
52,52,49,44,39,54,55,51,45,40,55,56,51,47,43,56,54,50,47,45,56,54,49,47,46,51
11,10,11,12,13,11,10,10,11,12,11,10,10,10,11,11,10,10,10,11,13,10,11,11,11,10
224,224,224,224,224,224,224,224,224,224,224,224,224,224,224,224,224,224,224,224,223,224,224,224,224,224
57,53,50,49,50,98,96,92,87,81,122,123,121,116,113,125,127,127,126,122,122,122,123,125,125,121
72,78,82,82,83,68,78,83,80,81,68,79,81,78,79,76,82,80,80,79,77,80,79,79,80,163
62,59,59,64,67,54,57,58,60,63,55,60,61,59,60,57,60,64,66,65,72,63,64,70,71,122
45,44,42,46,58,57,62,64,65,67,62,75,76,74,72,65,72,68,67,71,67,67,64,66,67,152
89,95,93,87,85,88,97,96,88,85,90,95,93,88,85,91,92,89,86,84,94,90,86,86,87,186
108,108,107,107,107,108,108,107,107,107,107,107,107,107,106,107,107,107,107,106,107,107,107,107,107,215
31,37,52,58,56,30,33,45,60,61,29,29,40,61,65,27,25,40,68,69,26,28,53,75,69,80
109,110,110,111,111,109,109,110,110,110,109,109,108,108,108,109,108,108,108,108,108,108,108,109,109,217
43,61,63,50,48,43,65,67,51,40,50,68,67,55,45,69,63,43,35,43,69,48,24,24,31,134
76,85,96,99,97,77,83,91,91,91,82,87,85,87,97,83,84,90,96,98,83,81,93,103,102,170
29,37,43,43,37,22,33,36,37,39,17,23,37,55,44,33,35,52,63,57,61,57,60,63,65,74
112,113,113,113,113,113,114,114,114,114,113,113,114,114,114,113,113,114,114,114,114,114,114,114,114,228
90,95,97,97,95,91,97,98,96,93,91,98,99,95,89,91,97,99,95,87,89,97,100,95,84,199
35,36,37,37,36,36,37,38,38,37,36,37,38,39,38,36,37,38,39,38,36,36,37,38,37,77
56,56,54,53,54,53,54,54,54,54,50,54,56,56,56,49,56,59,56,54,47,54,58,57,55,113
86,86,86,87,87,86,86,85,85,85,85,85,85,85,85,86,85,85,85,86,86,86,86,86,86,170
104,105,107,108,108,105,106,107,107,107,105,106,106,105,105,106,107,105,103,101,106,107,105,102,98,212
58,58,58,58,58,60,59,59,61,62,60,59,59,60,62,59,58,59,60,61,60,59,59,61,63,119
20,20,21,21,20,22,21,21,20,19,22,22,22,21,20,23,24,24,23,22,25,27,28,27,25,44
80,80,80,80,79,79,80,80,80,79,79,81,82,83,82,80,83,86,86,85,82,85,87,88,88,165
89,89,90,91,91,89,90,90,90,90,88,89,89,90,90,88,88,88,89,89,88,88,88,88,88,179
65,62,62,60,57,68,67,66,63,59,71,71,70,67,63,71,73,71,69,66,69,70,69,68,67,141
81,82,82,81,80,80,80,78,77,75,81,78,74,70,69,81,76,70,65,66,81,76,70,65,67,148
154,155,155,153,147,153,154,155,153,148,154,154,154,153,149,153,154,155,152,148,153,154,154,152,148,154
25,24,22,21,20,26,25,23,21,21,27,25,22,21,21,28,26,25,24,23,29,28,26,25,24,22
255,207,206,207,208,207,206,206,206,208,207,207,207,206,209,208,208,207,207,209,208,208,208,208,208,207
63,57,48,41,38,53,47,41,38,39,45,40,39,39,42,43,38,34,35,38,40,35,30,31,33,39
226,226,225,225,225,226,226,225,226,226,226,226,225,227,226,226,226,226,226,226,226,226,226,226,226,225
89,83,76,74,77,86,84,77,69,65,82,84,79,72,67,82,88,87,83,78,82,89,90,89,86,79
65,64,63,61,58,60,59,59,58,56,50,54,56,55,55,38,49,54,53,56,30,46,54,52,60,56
18,17,17,18,18,18,17,17,16,18,18,17,16,17,18,19,17,16,18,19,20,19,17,19,19,16
140,138,136,135,135,140,138,136,135,135,140,138,137,136,135,141,140,138,137,137,143,142,140,139,139,137
93,87,81,78,78,94,90,86,83,80,91,91,91,90,90,88,90,91,93,97,82,83,92,96,97,91
36,34,29,28,26,34,34,31,30,29,35,34,33,33,32,34,33,35,35,34,31,32,36,37,36,33
47,50,56,60,59,52,56,60,62,63,53,59,65,69,72,45,51,59,68,73,33,37,43,51,58,70
99,95,91,90,96,98,95,90,86,89,95,92,88,86,87,91,89,87,88,90,89,89,89,93,99,88
92,94,93,91,89,91,94,95,95,94,91,93,94,95,96,91,90,91,92,93,90,89,89,90,91,94
233,233,233,234,234,233,233,233,234,234,233,233,233,233,233,234,233,233,233,233,234,233,233,233,233,233
63,65,72,87,108,67,68,70,82,106,70,71,74,88,109,74,74,82,100,112,80,78,90,106,109,69
224,224,224,225,226,225,224,225,225,225,225,225,225,225,225,225,225,225,225,225,225,225,225,225,225,225
58,52,46,44,47,46,42,39,41,48,38,37,37,41,49,39,38,40,44,49,51,49,48,50,53,35
117,119,119,120,123,112,112,109,110,113,103,99,96,96,100,98,91,87,88,90,102,91,86,87,88,92
94,94,93,87,79,92,93,94,90,82,90,91,93,91,84,88,90,91,89,85,88,88,88,86,83,96
114,119,117,115,114,114,119,118,116,116,108,115,116,116,117,94,102,105,109,112,82,87,90,93,95,119
63,61,53,47,45,64,58,49,43,41,73,58,46,41,41,80,57,43,41,41,75,50,39,40,41,42
217,218,217,217,215,221,223,219,217,212,225,222,221,217,212,227,225,222,215,213,228,222,217,216,210,219
91,73,65,63,59,109,83,63,57,58,120,107,86,77,72,112,104,101,109,123,95,82,93,131,173,83
190,188,188,189,198,187,156,123,111,140,188,151,98,92,102,183,185,139,104,99,150,186,189,163,112,97
203,158,95,47,26,217,220,195,152,60,220,216,219,218,169,210,217,222,222,216,142,208,217,215,230,216
52,157,191,186,184,81,174,186,182,183,99,184,186,186,187,92,170,186,185,179,58,120,152,151,150,186
36,29,53,142,175,27,37,112,168,172,28,46,131,145,104,37,44,79,63,38,32,29,32,34,28,131
45,48,50,50,54,44,44,44,45,54,50,49,49,55,58,68,77,79,84,81,91,94,95,95,90,49
57,57,62,63,62,59,57,62,65,66,65,60,67,71,69,65,70,69,72,76,68,68,71,72,77,64
207,205,205,203,198,214,211,209,203,200,218,215,213,208,205,221,224,219,218,215,225,224,221,223,223,212
148,143,139,119,84,108,96,90,86,72,52,51,49,53,60,43,48,46,44,57,48,53,47,47,64,48
27,27,34,44,52,32,31,35,43,57,59,49,40,45,63,68,65,42,41,75,54,49,33,37,68,38
